clinic_id,医院名,Google Maps HP,解析HP URL,research_status,hp_status,HPランク,HPスコア,HPランク理由,治療カテゴリ,治療根拠,院長名,卒業年,59歳以下確率,年齢推定根拠,年齢推定信頼度,集客シグナル数,集客シグナル,集客シグナル根拠,アツさ,昼の検査・手術専用枠,HP本人確認理由,クロールエラー数,調査エラー
37,パレスクリニック,https://www.palaceclinictokyo.com/,https://www.palaceclinictokyo.com/,SUCCESS,VERIFIED,C,6,HTTPS:+1 / スマホviewport:+1 / Web予約導線:+2 / 写真:+1 / 問合せCTA:+1,,,春山　喜一,,,UNKNOWN,UNKNOWN,0,,,通常,,電話番号一致 / 医院名がページ見出しに一致 / 住所一致,14,
54,一口坂クリニック,http://hitokuchizaka.com/,https://hitokuchizaka.com/,SUCCESS,VERIFIED,B,9,HTTPS:+1 / スマホviewport:+1 / 治療専用ページ:+3 / 院長プロフィール:+2 / 写真:+1 / 問合せCTA:+1,循環器内科,循環器内科:循環器内科(0.75)｜https://hitokuchizaka.com/,作田　優子,,,UNKNOWN,UNKNOWN,0,,,通常,,電話番号一致 / 医院名がページ見出しに一致 / 院長名一致,0,
4,医療法人　明和会　宮田眼科東京,https://tokyo.miyata-med.ne.jp/,https://tokyo.miyata-med.ne.jp/,SUCCESS,VERIFIED,A,14,HTTPS:+1 / スマホviewport:+1 / Web予約導線:+2 / LINE導線:+1 / 治療専用ページ:+3 / 院長プロフィール:+2 / 写真:+1 / 料金情報:+1 / 問合せCTA:+1 / SNS導線:+1,白内障 / 緑内障 / ICL,白内障:白内障(0.75)｜https://tokyo.miyata-med.ne.jp/ / 白内障:多焦点眼内レンズ(0.75)｜https://tokyo.miyata-med.ne.jp/ / 白内障:白内障(0.75)｜https://tokyo.miyata-med.ne.jp/clinic/ / 白内障:白内障手術(0.75)｜https://tokyo.miyata-med.ne.jp/clinic/ / 白内障:白内障(0.75)｜https://tokyo.miyata-med.ne.jp/medical/ / 白内障:白内障(0.75)｜https://tokyo.miyata-med.ne.jp/check-up/ / 白内障:白内障(0.9)｜https://tokyo.miyata-med.ne.jp/eye_diseases/ / 白内障:白内障(0.9)｜https://tokyo.miyata-med.ne.jp/cataract-causes-and-prevention/ / 白内障:白内障(0.9)｜https://tokyo.miyata-med.ne.jp/early-symptoms-of-cataracts/ / 白内障:白内障(0.9)｜https://tokyo.miyata-med.ne.jp/cataract-surgery-and-lenses/ / 白内障:白内障手術(0.9)｜https://tokyo.miyata-med.ne.jp/cataract-surgery-and-lenses/ / 白内障:多焦点眼内レンズ(0.75)｜https://tokyo.miyata-med.ne.jp/cataract-surgery-and-lenses/ / 白内障:白内障(0.9)｜https://tokyo.miyata-med.ne.jp/postoperative-cataract/ / 白内障:白内障手術(0.9)｜https://tokyo.miyata-med.ne.jp/postoperative-cataract/ / 白内障:白内障(0.9)｜https://tokyo.miyata-med.ne.jp/after-cataract/ / 白内障:白内障手術(0.75)｜https://tokyo.miyata-med.ne.jp/after-cataract/ / 白内障:白内障(0.9)｜https://tokyo.miyata-med.ne.jp/cataract/ / 白内障:白内障手術(0.9)｜https://tokyo.miyata-med.ne.jp/cataract/ / 白内障:日帰り白内障手術(0.9)｜https://tokyo.miyata-med.ne.jp/cataract/ / 白内障:多焦点眼内レンズ(0.75)｜https://tokyo.miyata-med.ne.jp/cataract/ / 白内障:白内障(0.75)｜https://tokyo.miyata-med.ne.jp/glaucoma/ / 白内障:白内障手術(0.75)｜https://tokyo.miyata-med.ne.jp/glaucoma/ / 白内障:白内障(0.75)｜https://tokyo.miyata-med.ne.jp/access/ / 白内障:白内障(0.75)｜https://tokyo.miyata-med.ne.jp/media/ / 白内障:白内障(0.75)｜https://tokyo.miyata-med.ne.jp/cr13/ / 白内障:白内障手術(0.75)｜https://tokyo.miyata-med.ne.jp/cr13/ / 緑内障:緑内障(0.75)｜https://tokyo.miyata-med.ne.jp/ / 緑内障:緑内障(0.75)｜https://tokyo.miyata-med.ne.jp/clinic/ / 緑内障:緑内障手術(0.75)｜https://tokyo.miyata-med.ne.jp/clinic/ / 緑内障:緑内障(0.75)｜https://tokyo.miyata-med.ne.jp/medical/ / 緑内障:緑内障(0.75)｜https://tokyo.miyata-med.ne.jp/check-up/ / 緑内障:緑内障(0.9)｜https://tokyo.miyata-med.ne.jp/eye_diseases/ / 緑内障:緑内障(0.75)｜https://tokyo.miyata-med.ne.jp/cataract-surgery-and-lenses/ / 緑内障:緑内障(0.9)｜https://tokyo.miyata-med.ne.jp/glaucoma/ / 緑内障:緑内障手術(0.75)｜https://tokyo.miyata-med.ne.jp/glaucoma/ / 緑内障:MIGS(0.75)｜https://tokyo.miyata-med.ne.jp/glaucoma/ / 緑内障:SLT(0.75)｜https://tokyo.miyata-med.ne.jp/glaucoma/ / 緑内障:低侵襲緑内障手術(0.75)｜https://tokyo.miyata-med.ne.jp/glaucoma/ / 緑内障:緑内障(0.75)｜https://tokyo.miyata-med.ne.jp/access/ / 緑内障:緑内障(0.9)｜https://tokyo.miyata-med.ne.jp/activity/ / 緑内障:緑内障(0.75)｜https://tokyo.miyata-med.ne.jp/cr13/ / ICL:ICL(0.75)｜https://tokyo.miyata-med.ne.jp/ / ICL:ICL(0.75)｜https://tokyo.miyata-med.ne.jp/clinic/ / ICL:ICL(0.9)｜https://tokyo.miyata-med.ne.jp/media/,髙瀨　博,,,UNKNOWN,UNKNOWN,1,Doctors File掲載,Doctors File掲載｜検索結果の医院名・電話/住所一致｜https://doctorsfile.jp/h/213559,集客投資シグナルあり,,電話番号一致 / 医院名がページ見出しに一致,0,
59,医療法人社団　互酬会　水道橋東口クリニック,https://www.suidobashi-e-cl.jp/,https://www.suidobashi-e-cl.jp/,SUCCESS,VERIFIED,C,6,HTTPS:+1 / スマホviewport:+1 / 写真:+1 / 料金情報:+1 / 問合せCTA:+1 / SNS導線:+1,,,辻　彼南雄,,,UNKNOWN,UNKNOWN,0,,,通常,,電話番号一致 / 医院名がページ見出しに一致 / 院長名一致,0,
64,医療法人社団　医新会　神田医新クリニック,https://www.ishin-kanda.jp/,https://www.ishin-kanda.jp/,SUCCESS,VERIFIED,B,8,HTTPS:+1 / スマホviewport:+1 / 治療専用ページ:+3 / 写真:+1 / 料金情報:+1 / 問合せCTA:+1,泌尿器科,泌尿器科:前立腺(0.75)｜https://www.ishin-kanda.jp/ / 泌尿器科:ED(0.75)｜https://www.ishin-kanda.jp/ / 泌尿器科:男性更年期(0.75)｜https://www.ishin-kanda.jp/ / 泌尿器科:前立腺(0.75)｜https://www.ishin-kanda.jp/clinic/ / 泌尿器科:男性更年期(0.75)｜https://www.ishin-kanda.jp/clinic/ / 泌尿器科:ED(0.9)｜https://www.ishin-kanda.jp/free/ / 泌尿器科:男性更年期(0.9)｜https://www.ishin-kanda.jp/free/ / 泌尿器科:前立腺(0.9)｜https://www.ishin-kanda.jp/pvp/ / 泌尿器科:前立腺(0.75)｜https://www.ishin-kanda.jp/guide/ / 泌尿器科:男性更年期(0.75)｜https://www.ishin-kanda.jp/guide/ / 泌尿器科:前立腺(0.9)｜https://www.ishin-kanda.jp/faq/ / 泌尿器科:男性更年期(0.9)｜https://www.ishin-kanda.jp/faq/,藤原　博通,,,UNKNOWN,UNKNOWN,0,,,通常,,電話番号一致 / 医院名がページ見出しに一致 / 住所一致,0,
50,医療法人社団　正誠会　林医院,https://www.hayashi-clinic.com/,https://www.hayashi-clinic.com/,SUCCESS,VERIFIED,B,8,HTTPS:+1 / スマホviewport:+1 / 治療専用ページ:+3 / 写真:+1 / 料金情報:+1 / 問合せCTA:+1,内視鏡 / 泌尿器科,内視鏡:内視鏡(0.75)｜https://www.hayashi-clinic.com/ / 内視鏡:内視鏡(0.75)｜https://www.hayashi-clinic.com/about.html / 内視鏡:内視鏡(0.75)｜https://www.hayashi-clinic.com/cancer_screening.html / 内視鏡:内視鏡(0.75)｜https://www.hayashi-clinic.com/dai/dai_05.html / 内視鏡:内視鏡(0.75)｜https://www.hayashi-clinic.com/dai/dai_06.html / 内視鏡:大腸内視鏡(0.75)｜https://www.hayashi-clinic.com/dai/dai_06.html / 泌尿器科:前立腺(0.75)｜https://www.hayashi-clinic.com/aga.html,林　久太佳,,,UNKNOWN,UNKNOWN,0,,,通常,,電話番号一致 / 医院名がページ見出しに一致 / 住所一致,0,
47,医療法人社団　滝医院,http://www.nt.pial.jp/taki-iin/,http://www.nt.pial.jp/taki-iin/,SUCCESS,VERIFIED,B,8,Web予約導線:+2 / 治療専用ページ:+3 / 写真:+1 / 料金情報:+1 / 問合せCTA:+1,内視鏡 / 糖尿病,内視鏡:内視鏡(0.75)｜http://www.nt.pial.jp/taki-iin/ / 内視鏡:胃カメラ(0.75)｜http://www.nt.pial.jp/taki-iin/info.html / 内視鏡:内視鏡(0.75)｜http://www.nt.pial.jp/taki-iin/index.html / 内視鏡:内視鏡(0.75)｜http://www.nt.pial.jp/taki-iin/stuff.html / 内視鏡:内視鏡(0.9)｜http://www.nt.pial.jp/taki-iin/facilities.html / 内視鏡:胃カメラ(0.9)｜http://www.nt.pial.jp/taki-iin/facilities.html / 内視鏡:内視鏡(0.9)｜http://www.nt.pial.jp/taki-iin/gastro.html / 内視鏡:胃カメラ(0.75)｜http://www.nt.pial.jp/taki-iin/gastro.html / 内視鏡:内視鏡(0.75)｜http://www.nt.pial.jp/taki-iin/kensin.html / 内視鏡:内視鏡(0.75)｜http://www.nt.pial.jp/taki-iin/recruit.html / 糖尿病:糖尿病内科(0.9)｜http://www.nt.pial.jp/taki-iin/ / 糖尿病:糖尿病内科(0.9)｜http://www.nt.pial.jp/taki-iin/subject.html / 糖尿病:糖尿病内科(0.75)｜http://www.nt.pial.jp/taki-iin/access.html / 糖尿病:糖尿病内科(0.75)｜http://www.nt.pial.jp/taki-iin/influ.html / 糖尿病:糖尿病内科(0.75)｜http://www.nt.pial.jp/taki-iin/info.html / 糖尿病:糖尿病内科(0.75)｜http://www.nt.pial.jp/taki-iin/allergy.html / 糖尿病:糖尿病内科(0.9)｜http://www.nt.pial.jp/taki-iin/index.html / 糖尿病:糖尿病内科(0.75)｜http://www.nt.pial.jp/taki-iin/stuff.html / 糖尿病:糖尿病内科(0.75)｜http://www.nt.pial.jp/taki-iin/facilities.html / 糖尿病:糖尿病内科(0.75)｜http://www.nt.pial.jp/taki-iin/naika.html / 糖尿病:糖尿病内科(0.9)｜http://www.nt.pial.jp/taki-iin/diabetes.html / 糖尿病:糖尿病内科(0.75)｜http://www.nt.pial.jp/taki-iin/gastro.html / 糖尿病:糖尿病内科(0.75)｜http://www.nt.pial.jp/taki-iin/pediatrics.html / 糖尿病:糖尿病内科(0.75)｜http://www.nt.pial.jp/taki-iin/summer.html / 糖尿病:糖尿病内科(0.75)｜http://www.nt.pial.jp/taki-iin/winter.html / 糖尿病:糖尿病内科(0.75)｜http://www.nt.pial.jp/taki-iin/vaccine.html / 糖尿病:糖尿病内科(0.75)｜http://www.nt.pial.jp/taki-iin/kensin.html / 糖尿病:糖尿病内科(0.75)｜http://www.nt.pial.jp/taki-iin/recruit.html / 糖尿病:糖尿病内科(0.75)｜http://www.nt.pial.jp/taki-iin/fast.html / 糖尿病:糖尿病内科(0.75)｜http://www.nt.pial.jp/taki-iin/privacy.html,瀧　正彦,,,UNKNOWN,UNKNOWN,0,,,通常,,電話番号一致 / 医院名がページ見出しに一致,0,
58,医療法人社団　爽和会　お茶の水駿河台クリニック,https://gazo.or.jp/,https://gazo.or.jp/,SUCCESS,VERIFIED,B,10,HTTPS:+1 / スマホviewport:+1 / Web予約導線:+2 / 治療専用ページ:+3 / 写真:+1 / 料金情報:+1 / 問合せCTA:+1,内視鏡,内視鏡:内視鏡(0.75)｜https://gazo.or.jp/ / 内視鏡:内視鏡(0.75)｜https://gazo.or.jp/re-examination/ / 内視鏡:大腸内視鏡(0.75)｜https://gazo.or.jp/re-examination/ / 内視鏡:内視鏡(0.9)｜https://gazo.or.jp/doctors/ / 内視鏡:内視鏡(0.75)｜https://gazo.or.jp/doctors/feature/ / 内視鏡:内視鏡(0.9)｜https://gazo.or.jp/doctors/endoscope/ / 内視鏡:内視鏡(0.9)｜https://gazo.or.jp/doctors/endoscope_rsv/ / 内視鏡:胃カメラ(0.75)｜https://gazo.or.jp/doctors/endoscope_rsv/ / 内視鏡:大腸内視鏡(0.75)｜https://gazo.or.jp/doctors/endoscope_rsv/ / 内視鏡:内視鏡(0.75)｜https://gazo.or.jp/aboutus/ / 内視鏡:内視鏡(0.75)｜https://gazo.or.jp/aboutus/greeting/ / 内視鏡:大腸内視鏡(0.75)｜https://gazo.or.jp/aboutus/greeting/ / 内視鏡:内視鏡(0.75)｜https://gazo.or.jp/aboutus/doctors/ / 内視鏡:内視鏡(0.75)｜https://gazo.or.jp/aboutus/time/ / 内視鏡:内視鏡(0.75)｜https://gazo.or.jp/aboutus/guide/ / 内視鏡:内視鏡(0.9)｜https://gazo.or.jp/aboutus/endoscope-center/ / 内視鏡:大腸内視鏡(0.75)｜https://gazo.or.jp/aboutus/endoscope-center/ / 内視鏡:内視鏡(0.75)｜https://gazo.or.jp/column/mri/17873/,山田　篤生,,,UNKNOWN,UNKNOWN,0,,,通常,,電話番号一致 / 医院名がページ見出しに一致,0,
52,医療法人社団　緑和会　ストレスケア日比谷クリニック,https://strescue.com/,https://strescue.com/ws/,SUCCESS,VERIFIED,B,9,HTTPS:+1 / スマホviewport:+1 / Web予約導線:+2 / 治療専用ページ:+3 / 写真:+1 / SNS導線:+1,泌尿器科,泌尿器科:ED(0.75)｜https://strescue.com/ws/,酒井　和夫,,,UNKNOWN,UNKNOWN,1,YouTube公式運用,YouTube公式運用｜公式HPのチャンネルリンク｜https://strescue.com/ws/,集客投資シグナルあり,,電話番号一致 / 医院名がページ見出しに一致,0,
44,医療法人社団　聖水会　小笠原クリニック,https://ogasawara-cl2.com/,https://ogasawara-cl2.com/,SUCCESS,VERIFIED,C,6,HTTPS:+1 / スマホviewport:+1 / Web予約導線:+2 / 写真:+1 / 問合せCTA:+1,,,柳　智貴,,,UNKNOWN,UNKNOWN,0,,,通常,,電話番号一致 / 医院名がページ見出しに一致 / 院長名一致,0,
41,医療法人社団　鈴森内科クリニック,http://www.suzumori-cl.com/,https://www.suzumori-cl.com/,SUCCESS,VERIFIED,B,8,HTTPS:+1 / Web予約導線:+2 / 治療専用ページ:+3 / 写真:+1 / 料金情報:+1,糖尿病 / 泌尿器科,糖尿病:糖尿病専門外来(0.75)｜https://www.suzumori-cl.com/clinic/index.html / 泌尿器科:前立腺(0.75)｜https://www.suzumori-cl.com/shinryo/ippan.html,重本　幸子,,,UNKNOWN,UNKNOWN,0,,,通常,,電話番号一致 / 医院名がページ見出しに一致,0,
57,医療法人社団　順真会　しのみやクリニック,http://shinomiya-clinic.jp/,https://shinomiya-clinic.jp/,SUCCESS,VERIFIED,D,2,HTTPS:+1 / 写真:+1,,,鈴木　聡彦,1993,82.8%,https://shinomiya-clinic.jp/doctor-shift,MODEL_ESTIMATE,0,,,通常,,電話番号一致 / 医院名がページ見出しに一致,0,
56,医療法人社団　高典会　飯田橋クリニック,http://www.iidabashi-cl.com/,https://www.iidabashi-cl.com/,SUCCESS,VERIFIED,B,10,HTTPS:+1 / Web予約導線:+2 / 治療専用ページ:+3 / 写真:+1 / 料金情報:+1 / 問合せCTA:+1 / SNS導線:+1,泌尿器科 / 循環器内科 / 皮膚科,泌尿器科:ED(0.75)｜https://www.iidabashi-cl.com/ / 泌尿器科:ED(0.75)｜https://www.iidabashi-cl.com/original37.html / 泌尿器科:ED(0.9)｜https://www.iidabashi-cl.com/original12.html / 泌尿器科:ED(0.75)｜https://www.iidabashi-cl.com/original26.html / 泌尿器科:ED(0.75)｜https://www.iidabashi-cl.com/original36.html / 泌尿器科:ED(0.75)｜https://www.iidabashi-cl.com/original25.html / 泌尿器科:ED(0.75)｜https://www.iidabashi-cl.com/original38.html / 泌尿器科:ED(0.75)｜https://www.iidabashi-cl.com/original21.html / 泌尿器科:ED(0.75)｜https://www.iidabashi-cl.com/original27.html / 泌尿器科:ED(0.75)｜https://www.iidabashi-cl.com/index.html / 泌尿器科:ED(0.75)｜https://www.iidabashi-cl.com/original.html / 泌尿器科:ED(0.75)｜https://www.iidabashi-cl.com/original2.html / 泌尿器科:ED(0.75)｜https://www.iidabashi-cl.com/original3.html / 泌尿器科:ED(0.75)｜https://www.iidabashi-cl.com/login/inquiryedit / 泌尿器科:ED(0.75)｜https://www.iidabashi-cl.com/original5.html / 泌尿器科:ED(0.75)｜https://www.iidabashi-cl.com/original6.html / 泌尿器科:ED(0.75)｜https://www.iidabashi-cl.com/original7.html / 泌尿器科:ED(0.75)｜https://www.iidabashi-cl.com/original8.html / 泌尿器科:ED(0.75)｜https://www.iidabashi-cl.com/original9.html / 泌尿器科:ED(0.75)｜https://www.iidabashi-cl.com/original10.html / 循環器内科:不整脈(0.75)｜https://www.iidabashi-cl.com/original12.html / 皮膚科:医療脱毛(0.75)｜https://www.iidabashi-cl.com/original3.html,高橋　典大,,,UNKNOWN,UNKNOWN,0,,,通常,,電話番号一致 / 医院名がページ見出しに一致,0,
6,医療法人社団　高瀬会　たかせ眼科,http://www5a.biglobe.ne.jp/~gannka,http://www5a.biglobe.ne.jp/~gannka/,SUCCESS,VERIFIED,B,9,スマホviewport:+1 / Web予約導線:+2 / 治療専用ページ:+3 / 写真:+1 / 料金情報:+1 / 問合せCTA:+1,白内障 / 緑内障 / ICL,白内障:白内障(0.9)｜http://www5a.biglobe.ne.jp/~gannka/ / 白内障:白内障手術(0.9)｜http://www5a.biglobe.ne.jp/~gannka/ / 白内障:白内障(0.75)｜http://www5a.biglobe.ne.jp/~gannka/doctor.html / 白内障:白内障(0.9)｜http://www5a.biglobe.ne.jp/~gannka/disease.html / 白内障:白内障手術(0.75)｜http://www5a.biglobe.ne.jp/~gannka/disease.html / 白内障:白内障(0.9)｜http://www5a.biglobe.ne.jp/~gannka/index_.html / 白内障:白内障手術(0.9)｜http://www5a.biglobe.ne.jp/~gannka/index_.html / 白内障:白内障(0.75)｜http://www5a.biglobe.ne.jp/~gannka/1teigi.htm / 白内障:白内障手術(0.75)｜http://www5a.biglobe.ne.jp/~gannka/1teigi.htm / 白内障:白内障(0.75)｜http://www5a.biglobe.ne.jp/~gannka/gl6.htm / 白内障:白内障手術(0.75)｜http://www5a.biglobe.ne.jp/~gannka/gl6.htm / 白内障:白内障(0.75)｜http://www5a.biglobe.ne.jp/~gannka/AACG.html / 緑内障:緑内障(0.9)｜http://www5a.biglobe.ne.jp/~gannka/ / 緑内障:緑内障(0.75)｜http://www5a.biglobe.ne.jp/~gannka/doctor.html / 緑内障:緑内障(0.9)｜http://www5a.biglobe.ne.jp/~gannka/disease.html / 緑内障:緑内障手術(0.75)｜http://www5a.biglobe.ne.jp/~gannka/disease.html / 緑内障:緑内障(0.9)｜http://www5a.biglobe.ne.jp/~gannka/index_.html / 緑内障:緑内障(0.9)｜http://www5a.biglobe.ne.jp/~gannka/2syouzyou.htm / 緑内障:緑内障(0.9)｜http://www5a.biglobe.ne.jp/~gannka/glaucoma11.html / 緑内障:緑内障手術(0.75)｜http://www5a.biglobe.ne.jp/~gannka/glaucoma11.html / 緑内障:緑内障(0.9)｜http://www5a.biglobe.ne.jp/~gannka/1teigi.htm / 緑内障:緑内障(0.9)｜http://www5a.biglobe.ne.jp/~gannka/4diag.html / 緑内障:緑内障(0.9)｜http://www5a.biglobe.ne.jp/~gannka/riskfactor.htm / 緑内障:緑内障(0.9)｜http://www5a.biglobe.ne.jp/~gannka/3kennsa.htm / 緑内障:緑内障(0.9)｜http://www5a.biglobe.ne.jp/~gannka/ryokunaisyou-tiryou.htm / 緑内障:緑内障(0.9)｜http://www5a.biglobe.ne.jp/~gannka/ryokunaisyou-laser.htm / 緑内障:緑内障(0.9)｜http://www5a.biglobe.ne.jp/~gannka/gl6.htm / 緑内障:緑内障手術(0.9)｜http://www5a.biglobe.ne.jp/~gannka/gl6.htm / 緑内障:緑内障(0.9)｜http://www5a.biglobe.ne.jp/~gannka/gl-yobou.html / 緑内障:緑内障(0.9)｜http://www5a.biglobe.ne.jp/~gannka/NTG.html / 緑内障:緑内障(0.9)｜http://www5a.biglobe.ne.jp/~gannka/AACG.html / 緑内障:緑内障(0.9)｜http://www5a.biglobe.ne.jp/~gannka/secondaryG.html / 緑内障:緑内障(0.9)｜http://www5a.biglobe.ne.jp/~gannka/syouni-g.html / 緑内障:緑内障(0.9)｜http://www5a.biglobe.ne.jp/~gannka/gl-yakubutu.htm / ICL:ICL(0.9)｜http://www5a.biglobe.ne.jp/~gannka/disease.html / ICL:眼内コンタクトレンズ(0.9)｜http://www5a.biglobe.ne.jp/~gannka/disease.html,髙瀨　正郎,,,UNKNOWN,UNKNOWN,0,,,通常,,電話番号一致 / 医院名がページ見出しに一致,0,
34,大森胃腸科,http://oomori-i.jp/,http://oomori-i.jp/,SUCCESS,VERIFIED,C,7,スマホviewport:+1 / 治療専用ページ:+3 / 写真:+1 / 料金情報:+1 / 問合せCTA:+1,内視鏡,内視鏡:内視鏡(0.75)｜http://oomori-i.jp/ / 内視鏡:内視鏡(0.9)｜http://oomori-i.jp/shinryo.html / 内視鏡:胃カメラ(0.9)｜http://oomori-i.jp/shinryo.html / 内視鏡:内視鏡(0.75)｜http://oomori-i.jp/pylori.html / 内視鏡:内視鏡(0.75)｜http://oomori-i.jp/greeting.html / 内視鏡:内視鏡(0.75)｜http://oomori-i.jp/shindan.html / 内視鏡:胃カメラ(0.75)｜http://oomori-i.jp/shindan.html,大森　孝文,,,UNKNOWN,UNKNOWN,0,,,通常,,電話番号一致 / 医院名がページ見出しに一致 / 住所一致,0,
36,奥田医院,https://okuda.clinic/,https://okuda.clinic/,SUCCESS,VERIFIED,C,5,HTTPS:+1 / スマホviewport:+1 / 写真:+1 / 料金情報:+1 / 問合せCTA:+1,,,奥田　博昭,,,UNKNOWN,UNKNOWN,0,,,通常,,電話番号一致 / 医院名がページ見出しに一致 / 住所一致,0,
39,広川眼科,https://hirokawaganka.com/,https://hirokawaganka.com/,SUCCESS,VERIFIED,C,7,HTTPS:+1 / スマホviewport:+1 / 治療専用ページ:+3 / 写真:+1 / 問合せCTA:+1,白内障 / 緑内障,白内障:白内障(0.9)｜https://hirokawaganka.com/ / 緑内障:緑内障(0.9)｜https://hirokawaganka.com/,広川　正泰,,,UNKNOWN,UNKNOWN,0,,,通常,,電話番号一致 / 医院名がページ見出しに一致 / 院長名一致,0,
33,有楽町電気ビルクリニック,http://www.jckpf.or.jp/index.html,https://www.jckpf.or.jp/,SUCCESS,VERIFIED,B,10,HTTPS:+1 / スマホviewport:+1 / Web予約導線:+2 / 治療専用ページ:+3 / 写真:+1 / 料金情報:+1 / 問合せCTA:+1,内視鏡 / 白内障 / 緑内障 / 糖尿病 / 泌尿器科 / 循環器内科,内視鏡:内視鏡(0.75)｜https://www.jckpf.or.jp/report_guide/ / 内視鏡:内視鏡(0.75)｜https://www.jckpf.or.jp/healthcheck/ / 内視鏡:内視鏡(0.75)｜https://www.jckpf.or.jp/menbership-checkup/ / 内視鏡:内視鏡(0.75)｜https://www.jckpf.or.jp/precautions/ / 内視鏡:胃カメラ(0.75)｜https://www.jckpf.or.jp/precautions/ / 白内障:白内障(0.75)｜https://www.jckpf.or.jp/healthcheck/ / 緑内障:緑内障(0.75)｜https://www.jckpf.or.jp/report_guide/ / 糖尿病:糖尿病内科(0.75)｜https://www.jckpf.or.jp/outpatientcare/ / 泌尿器科:前立腺(0.75)｜https://www.jckpf.or.jp/optional-checkup/ / 泌尿器科:前立腺(0.75)｜https://www.jckpf.or.jp/report_guide/ / 循環器内科:心エコー(0.75)｜https://www.jckpf.or.jp/report_guide/,北　嘉昭,,,UNKNOWN,UNKNOWN,0,,,通常,,電話番号一致 / 医院名がページ見出しに一致,0,
53,麹町クリニック,http://www.kojimachiclinic.com/,https://www.kojimachiclinic.com/,SUCCESS,VERIFIED,C,6,HTTPS:+1 / スマホviewport:+1 / Web予約導線:+2 / 写真:+1 / 料金情報:+1,,,増森　興治,,,UNKNOWN,UNKNOWN,0,,,通常,,電話番号一致 / 医院名がページ見出しに一致,0,
11,Ｔｅｎｖｉ　Ｃｌｉｎｉｃ　Ｇｉｎｚａ,https://tenviclinic.com/,https://tenviclinic.com/,SUCCESS,VERIFIED,C,7,HTTPS:+1 / スマホviewport:+1 / Web予約導線:+2 / 写真:+1 / 料金情報:+1 / 問合せCTA:+1,,,　喬繁,,,UNKNOWN,UNKNOWN,0,,,通常,,電話番号一致 / 医院名がページ見出しに一致,1,
48,一般財団法人　健康医学協会　附属東都クリニック,https://tohto.kenkoigaku.or.jp/,,REVIEW,REVIEW,UNKNOWN,0,,,,,,,,,0,,,通常,,候補ページの本人確認・取得を完了できませんでした。,0,
62,一般財団法人　小峰研究所　番町小峰クリニック,https://komine-labo.info/komineclinic,,REVIEW,REVIEW,UNKNOWN,0,,,,,,,,,0,,,通常,,候補ページの本人確認・取得を完了できませんでした。,0,
61,公益財団法人　神経研究所　附属睡眠呼吸障害クリニック,http://www.suiminclinic.com/,,REVIEW,REVIEW,UNKNOWN,0,,,,,,,,,0,,,通常,,候補ページの本人確認・取得を完了できませんでした。,0,
43,医療法人社団　みどり会　神田眼科診療所,http://www.kanda-eye.jp/,,REVIEW,REVIEW,UNKNOWN,0,,,,,,,,,0,,,通常,,候補ページの本人確認・取得を完了できませんでした。,0,
3,医療法人社団　佳翔会　武蔵小金井さくら眼科,http://sakuraganka.jp/,http://sakuraganka.jp/,REVIEW,VERIFIED,UNKNOWN,0,,,,安田　佳守臣,,,UNKNOWN,UNKNOWN,1,Doctors File掲載,Doctors File掲載｜検索結果の医院名・電話/住所一致｜https://doctorsfile.jp/h/179056,集客投資シグナルあり,,Google Mapsで医院本人確認済みのウェブサイトURLです。サイト側のアクセス制限によりHP内容の自動解析は未完了です。,1,
60,医療法人社団　和平会　坪井医院,http://www.tsuboi-clinic.org/,,REVIEW,REVIEW,UNKNOWN,0,,,,,,,,,0,,,通常,,候補ページの本人確認・取得を完了できませんでした。,0,
46,医療法人社団　西端耳鼻咽喉科,http://www.nishihata-ent.or.jp/,,REVIEW,REVIEW,UNKNOWN,0,,,,,,,,,0,,,通常,,候補ページの本人確認・取得を完了できませんでした。,0,
65,大島眼科医院,http://www.oshima-eye.com/,,REVIEW,REVIEW,UNKNOWN,0,,,,,,,,,0,,,通常,,候補ページの本人確認・取得を完了できませんでした。,0,
55,山王グランドビル薬師堂クリニック,http://yakushido-clinic.com/,,REVIEW,REVIEW,UNKNOWN,0,,,,,,,,,0,,,通常,,候補ページの本人確認・取得を完了できませんでした。,0,
49,市ヶ谷駅前診療所,https://ichigaya-shinryosyo.com/,,REVIEW,REVIEW,UNKNOWN,0,,,,,,,,,0,,,通常,,候補ページの本人確認・取得を完了できませんでした。,0,
