clinic_id,医院名,都道府県,指定年月日,Google Maps HP,解析HP,research_status,hp_status,HPランク,HPスコア,治療カテゴリ,院長名,卒業年,医籍登録年,59歳以下確率,年齢信頼度,年齢根拠,集客シグナル数,集客シグナル,集客根拠,アツさ,HP本人確認理由,crawl_errors,research_error,error
4,医療法人　明和会　宮田眼科東京,東京都,2023-04-01,https://tokyo.miyata-med.ne.jp/,https://tokyo.miyata-med.ne.jp/,SUCCESS,VERIFIED,A,14,白内障 / 緑内障 / ICL,髙瀨　博,1996,,96.9%,MODEL_ESTIMATE,https://tokyo.miyata-med.ne.jp/clinic/,4,Doctors File掲載 / Medical DOC掲載 / Instagram公式運用 / LINE公式運用,"Doctors File掲載｜施設名, 医療法人明和会 宮田眼科東京. 診療科目. 眼科. 電話番号, 03-5315-4334. 所在地, 〒160-0004 東京都新宿区四谷1丁目2番8号 四谷6階 ...Read more / Medical DOC掲載｜Medical DOC. → https://medicaldoc.jp/m/recommend-m/shinjuku-ct-cataract-surgery/ / Instagram公式運用｜https://www.instagram.com/miyata_eye_tokyo?igsh=MWVsOHNjcWV6NmFydg%3D%3D&utm_source=qr / LINE公式運用｜https://line.me/R/ti/p/%40597eggcd#~",かなりアツい,電話番号一致 / 医院名がページ見出しに一致,[],,
52,医療法人社団　緑和会　ストレスケア日比谷クリニック,東京都,1996-09-01,https://strescue.com/,https://strescue.com/ws/,SUCCESS,VERIFIED,B,9,ED / 男性更年期,酒井　和夫,,,,UNKNOWN,厚生局指定年月日 1996-09-01 を確認（年齢は直接算出不可）,2,Doctors File掲載 / YouTube公式運用,Doctors File掲載｜ドクターズ・ファイル → https://doctorsfile.jp/h/29836/df/1/ / YouTube公式運用｜https://www.youtube.com/@dr.2028/about,アツい,電話番号一致 / 医院名がページ見出しに一致,[],,
69,医療法人財団　駿愛会　駿河台診療所,東京都,2000-09-01,https://www.sunaikai.jp/,https://www.sunaikai.jp/,SUCCESS,VERIFIED,B,10,内視鏡,塩澤　宏和,1997,,98.2%,MODEL_ESTIMATE,https://www.sunaikai.jp/hospital/,4,Doctors File掲載 / Medical DOC掲載 / 地域ドクターズ掲載 / オンライン診療,Doctors File掲載｜ → https://doctorsfile.jp/h/29524/df/1/ / Medical DOC掲載｜ → https://medicaldoc.jp/m/recommend-m/chiyoda-endoscope/ / 地域ドクターズ掲載｜ → https://tokyo-doctors.com/clinicList/26977/interview/ / オンライン診療｜受診案内 受診案内 初診の方へ 診療時間と担当医師 診療科目 電話診察について（新型コロナウイルス対応） オンライン診療のご案内 医師紹介 専門診療・専門外来 肝臓専門診療 頭痛専門外来 → https://www.sunaikai.jp/medical/,かなりアツい,電話番号一致 / 医院名がページ見出しに一致 / 住所一致 / 院長名一致,"[{""reason"": ""HTMLページではありません。"", ""url"": ""https://www.sunaikai.jp/wp-content/uploads/2023/03/camera003-2023.docx""}, {""reason"": ""HTMLページではありません。"", ""url"": ""https://www.sunaikai.jp/wp-content/uploads/2023/03/camera006-2023.docx""}]",,
72,医療法人社団　山岡クリニック,東京都,2001-04-01,http://www.yamaoka-clinic.com/,https://www.yamaoka-clinic.com/,SUCCESS,VERIFIED,A,13,糖尿病 / 皮膚科,山岡　周平,,,,UNKNOWN,厚生局指定年月日 2001-04-01 を確認（年齢は直接算出不可）,3,Doctors File掲載 / HP制作会社の制作実績 / LINE公式運用,Doctors File掲載｜ドクターズ・ファイル → https://doctorsfile.jp/h/29442/df/1/ / HP制作会社の制作実績｜DR.BRIDGE｜クリニックホームページ制作 クリニックホームページ制作 → https://www.dr-bridge.co.jp/ / LINE公式運用｜https://lin.ee/9jFdPVKD,かなりアツい,電話番号一致 / 医院名がページ見出しに一致 / 院長名一致,[],,
74,エムアンドエム　スキンケアクリニック,東京都,2001-10-01,http://skincare-clinic.jp/,https://skincare-clinic.jp/,SUCCESS,VERIFIED,A,13,皮膚科,鈴木　みね子,2011,,100.0%,MODEL_ESTIMATE,HP院長経歴の大学卒業年,2,YouTube公式運用 / LINE公式運用,YouTube公式運用｜https://www.youtube.com/embed/fEbma32D0IE?feature=oembed / LINE公式運用｜https://lin.ee/XqSWjic,アツい,電話番号一致 / 医院名がページ見出しに一致,[],,
88,医療法人社団　久信会　日比谷ヒフ科クリニック,東京都,2004-09-01,https://www.hibiya-skin.com/hibiya/,https://www.hibiya-skin.com/hibiya/,SUCCESS,VERIFIED,A,12,皮膚科,松本　真理子,1992,,65.7%,MODEL_ESTIMATE,https://www.hibiya-skin.com/doctor/,5,Medical DOC掲載 / マイナビ記事掲載 / 地域ドクターズ掲載 / Instagram公式運用 / LINE公式運用,Medical DOC掲載｜増岡院長がトレンディエンジェル斎藤司さんとAGA治療についての対談を行いました → https://medicaldoc.jp/special/saito_aga/ / マイナビ記事掲載｜マイナビ クリニックナビに当院が紹介されました！ → https://clinic.mynavi.jp/article/tokyo_hyperhidrosis-treatment/ / 地域ドクターズ掲載｜東京ドクターズinterview → https://yoyaku.tokyo-doctors.com/clinicList/42652/ / Instagram公式運用｜https://www.instagram.com/hibiyaskinclinic/ / LINE公式運用｜https://lin.ee/MNCtjNF,かなりアツい,電話番号一致 / 医院名がページ見出しに一致 / 院長名一致,[],,
96,医療法人社団　ＩＬＣ会　一番町レディースクリニック,東京都,2005-03-14,http://www.1-ilc.com/,https://www.1-ilc.com/,SUCCESS,VERIFIED,A,12,皮膚科,飯田　晋也,,,,UNKNOWN,厚生局指定年月日 2005-03-14 を確認（年齢は直接算出不可）,3,Doctors File掲載 / HP制作会社の制作実績 / Instagram公式運用,Doctors File掲載｜Doctors File クリニックホームページ制作 クリニックホームページ制作 → https://doctorsfile.jp/h/29268/ / HP制作会社の制作実績｜DR.BRIDGE｜クリニックホームページ作成 クリニックホームページ制作 → https://www.dr-bridge.co.jp/ / Instagram公式運用｜https://instagram.com/ilc.clinic?igshid=OGQ5ZDc2ODk2ZA==,かなりアツい,電話番号一致 / 医院名がページ見出しに一致,[],,
98,医療法人社団　大森会　クリニカ市ヶ谷,東京都,2005-10-01,https://clinica-ichigaya.com/,https://clinica-ichigaya.com/,SUCCESS,VERIFIED,A,14,皮膚科,倉片　優,,,,REVIEW,UNKNOWN,3,Instagram公式運用 / LINE公式運用 / 治療専門サイト,Instagram公式運用｜https://www.instagram.com/clinica_ichigaya_maxillofacial/ / LINE公式運用｜https://line.me/R/ti/p/%40gaw1163o / 治療専門サイト｜https://kotsukiri.com/,かなりアツい,電話番号一致 / 医院名がページ見出しに一致 / 住所一致 / 院長名一致,[],,
109,医療法人社団　榊原厚生会　榊原サピアタワークリニック,東京都,2007-05-01,http://sapiatower-clinic.jp/,https://sapiatower-clinic.jp/,SUCCESS,VERIFIED,A,14,内視鏡 / 糖尿病 / 循環器内科,黒澤　博身,,,,REVIEW,UNKNOWN,2,Instagram公式運用 / LINE公式運用,Instagram公式運用｜https://www.instagram.com/sapiatower.clinic/ / LINE公式運用｜https://lin.ee/aPxsxqs,アツい,電話番号一致 / 医院名がページ見出しに一致,[],,
111,飯田橋皮膚科スキンクリニック,東京都,2007-11-01,https://iskc.jp/,https://iskc.jp/,SUCCESS,VERIFIED,B,10,皮膚科,河野　志穂美,1992,1992,63.5%,MODEL_ESTIMATE,厚生局/取込済み医籍登録年,2,Doctors File掲載 / オンライン診療,Doctors File掲載｜ドクターズファイル → https://doctorsfile.jp/h/29782/df/1/ / オンライン診療｜保険医療機関における掲示 飯田橋皮膚科スキンクリニックからの お知らせ ■ 臨時 休診のお知らせ 院長不在のため、10/23（金）〜10/24（土）を臨時休診とさせていただきます。 ■ 当院におけるオンライン診療について 当院は、厚生労働省から出されている「情報通信機器を用いた診療」の施設基準を満たしており、それに基づ → https://iskc.jp/keiji,アツい,電話番号一致 / 医院名がページ見出しに一致 / 院長名一致,[],,
119,秋葉原メンタルクリニック,東京都,2008-05-01,https://www.akihabara-mental-clinic2019.com/,https://www.akihabara-mental-clinic2019.com/,SUCCESS,VERIFIED,C,7,,安藤　智道,1996,,96.9%,MODEL_ESTIMATE,https://www.akihabara-mental-clinic2019.com/clinic,2,YouTube公式運用 / Instagram公式運用,YouTube公式運用｜https://www.youtube.com/embed/We_T5SX2zJI?feature=oembed / Instagram公式運用｜https://www.instagram.com/akihabara_mental_clinic/,アツい,電話番号一致 / 医院名がページ見出しに一致 / 住所一致,[],,
122,医療法人社団　会　九段ごみぶちクリニック,東京都,2008-07-01,http://gomibuchi-clinic.com/,https://gomibuchi-clinic.com/,SUCCESS,VERIFIED,C,7,,五味渕　隆志,1976,,0.0%,MODEL_ESTIMATE,https://gomibuchi-clinic.com/guide.html,2,Doctors File掲載 / LINE公式運用,Doctors File掲載｜ → https://doctorsfile.jp/h/29402/dm/ / LINE公式運用｜https://lin.ee/nYZjO7B,アツい,電話番号一致 / 医院名がページ見出しに一致,[],,
130,医療法人社団　渡邊内科,東京都,2009-04-01,https://www.drwatanabe.com/,https://www.drwatanabe.com/,SUCCESS,VERIFIED,A,12,糖尿病 / 循環器内科,渡邊　龍彦,,,,UNKNOWN,厚生局指定年月日 2009-04-01 を確認（年齢は直接算出不可）,3,Instagram公式運用 / LINE公式運用 / オンライン診療,Instagram公式運用｜https://www.instagram.com/watanabenaika/ / LINE公式運用｜https://line.me/R/ti/p/@715iadpo / オンライン診療｜オンライン診療 オンライン診療 → https://www.drwatanabe.com/online/,かなりアツい,電話番号一致 / 医院名がページ見出しに一致,[],,
135,ＨＤＣアトラスクリニック,東京都,2010-04-01,https://www.hdc-atlas.com/,https://www.hdc-atlas.com/,SUCCESS,VERIFIED,B,10,ED,鈴木　吉彦,1983,,0.0%,MODEL_ESTIMATE,https://www.hdc-atlas.com/,2,YouTube公式運用 / オンライン診療,YouTube公式運用｜https://www.youtube.com/@glp1diet / オンライン診療｜オンライン診療における特定商取引法に基づく表記 オンライン診療における特定商取引法に基づく表記 オンライン診療における特定商取引法に基づく表記 → https://www.hdc-atlas.com/online-pp,アツい,電話番号一致 / 医院名がページ見出しに一致 / 住所一致 / 院長名一致,"[{""reason"": ""HTTP 429。手動で確認してください。"", ""url"": ""https://www.hdc-atlas.com/access""}, {""reason"": ""アクセス制限があるため、このサイトの取得を停止しました。"", ""url"": ""https://www.hdc-atlas.com/clinical-department""}, {""reason"": ""アクセス制限があるため、このサイトの取得を停止しました。"", ""url"": ""https://www.hdc-atlas.com/timetable2""}, {""reason"": ""アクセス制限があるため、このサイトの取得を停止しました。"", ""url"": ""https://www.hdc-atlas.com/yourdoctors""}, {""reason"": ""アクセス制限があるため、このサイトの取得を停止しました。"", ""url"": ""https://www.hdc-atlas.com/treatmentpolicy""}, {""reason"": ""アクセス制限があるため、このサイトの取得を停止しました。"", ""url"": ""https://www.hdc-atlas.com/treatmenttrends""}, {""reason"": ""アクセス制限があるため、このサイトの取得を停止しました。"", ""url"": ""https://www.hdc-atlas.com/pneumonia""}, {""reason"": ""アクセス制限があるため、このサイトの取得を停止しました。"", ""url"": ""https://www.hdc-atlas.com/shingles""}, {""reason"": ""アクセス制限があるため、このサイトの取得を停止しました。"", ""url"": ""https://www.hdc-atlas.com/zepbound""}, {""reason"": ""アクセス制限があるため、このサイトの取得を停止しました。"", ""url"": ""https://www.hdc-atlas.com/online-pp""}, {""reason"": ""アクセス制限があるため、このサイトの取得を停止しました。"", ""url"": ""https://www.hdc-atlas.com""}, {""reason"": ""アクセス制限があるため、このサイトの取得を停止しました。"", ""url"": ""https://www.hdc-atlas.com/first-visitors""}, {""reason"": ""アクセス制限があるため、このサイトの取得を停止しました。"", ""url"": ""https://www.hdc-atlas.com/foreigners""}, {""reason"": ""アクセス制限があるため、このサイトの取得を停止しました。"", ""url"": ""https://www.hdc-atlas.com/news""}, {""reason"": ""アクセス制限があるため、このサイトの取得を停止しました。"", ""url"": ""https://www.hdc-atlas.com/features""}, {""reason"": ""アクセス制限があるため、このサイトの取得を停止しました。"", ""url"": ""https://www.hdc-atlas.com/treatiseachievements-itachievements""}, {""reason"": ""アクセス制限があるため、このサイトの取得を停止しました。"", ""url"": ""https://www.hdc-atlas.com/hayfever""}, {""reason"": ""アクセス制限があるため、このサイトの取得を停止しました。"", ""url"": ""https://www.hdc-atlas.com/vaccine""}, {""reason"": ""アクセス制限があるため、このサイトの取得を停止しました。"", ""url"": ""https://www.hdc-atlas.com/aga-department""}]",,
139,医療法人社団　優薫会　志保日比谷皮膚科クリニック,東京都,2010-06-03,https://www.s-hihuka.com/,https://www.s-hihuka.com/,SUCCESS,VERIFIED,A,15,皮膚科,千田　志保,1982,,0.0%,MODEL_ESTIMATE,https://www.s-hihuka.com/clinic/director_staff/,2,LINE公式運用 / 治療専用LP,LINE公式運用｜https://line.me/R/ti/p/@cya0754d / 治療専用LP｜医院名と電話/住所を確認,アツい,電話番号一致 / 医院名がページ見出しに一致,[],,
143,市ヶ谷メンタルクリニック,東京都,2011-05-01,http://ichigaya-mental.jp/,https://ichigaya-mental.jp/,SUCCESS,VERIFIED,B,8,,中野　稔也,,,,UNKNOWN,厚生局指定年月日 2011-05-01 を確認（年齢は直接算出不可）,2,Doctors File掲載 / YouTube公式運用,Doctors File掲載｜詳しくはこちらをクリック 詳しくはこちらをクリック → https://doctorsfile.jp/h/21631/df/1/ / YouTube公式運用｜https://www.youtube.com/channel/UCsCTj7M9JPRX_-mH_851Z1Q,アツい,電話番号一致 / 医院名がページ見出しに一致 / 住所一致,[],,
157,秋葉原スキンクリニック,東京都,2012-10-01,https://www.akihabara-skin.com/,https://www.akihabara-skin.com/,SUCCESS,VERIFIED,A,12,皮膚科,中山　祐紀,,,,UNKNOWN,厚生局指定年月日 2012-10-01 を確認（年齢は直接算出不可）,4,マイナビ記事掲載 / AIチャット導入 / Instagram公式運用 / LINE公式運用,マイナビ記事掲載｜https://woman.mynavi.jp/article/220127-24/ 美容医療を扱う製薬会社であるアラガン・ジャパンの新製品、「ジュビダームビスタボライト XC」の記者発表会時の神田愛花さんと海野由利子さんとの対談がマイナビウーマンの記事になりました。 スキンケアのお話やヒアルロン酸注入、美容医療につい → https://woman.mynavi.jp/article/220127-24/ / AIチャット導入｜チャットウィジェット埋込を確認 / Instagram公式運用｜https://www.instagram.com/dr.yu_ki_dermatology/ / LINE公式運用｜https://line.me/R/ti/p/%40skin1212,かなりアツい,電話番号一致 / 医院名がページ見出しに一致,[],,
158,大手町フィナンシャルシティ西山クリニック,東京都,2012-11-06,http://www.kouko-nishiyama-clinic.com/,https://www.kouko-nishiyama-clinic.com/,SUCCESS,VERIFIED,A,14,糖尿病 / 循環器内科,西山　信一郎,1973,,0.0%,MODEL_ESTIMATE,https://www.kouko-nishiyama-clinic.com/clinic/clinic01/,4,Doctors File掲載 / Medical DOC掲載 / 地域ドクターズ掲載 / Instagram公式運用,Doctors File掲載｜ドクターズファイル → https://doctorsfile.jp/h/40648/ / Medical DOC掲載｜メディカルドック → https://medicaldoc.jp/m/recommend-m/chiyoda-ct-cardiology/#clinic-217180 / 地域ドクターズ掲載｜東京ドクターズ → https://tokyo-doctors.com/clinicList/33126/interview/ / Instagram公式運用｜https://www.instagram.com/nishiyama_clinic/,かなりアツい,電話番号一致 / 医院名がページ見出しに一致 / 院長名一致,[],,
165,医療法人社団　慈鴻会　麹町内科,東京都,2013-06-01,https://www.koujimachi-naika.jp/,https://koujimachi-naika.jp/,SUCCESS,VERIFIED,B,8,,河野　英雄,1977,,0.0%,MODEL_ESTIMATE,https://koujimachi-naika.jp/director/,3,Doctors File掲載 / 地域ドクターズ掲載 / LINE公式運用,Doctors File掲載｜Doctors File → https://doctorsfile.jp/h/29429/df/1/ / 地域ドクターズ掲載｜東京ドクターズ → https://tokyo-doctors.com/clinicList/26796/interview/ / LINE公式運用｜https://line.me/R/ti/p/%40dxx3733h,かなりアツい,電話番号一致 / 医院名がページ見出しに一致 / 住所一致,"[{""reason"": ""HTTP 404。手動で確認してください。"", ""url"": ""https://koujimachi-naika.jp/treatment/telomere/""}]",,
184,ナチュラルアート　クリニック,東京都,2015-05-01,https://naturalartclinic.com/,https://naturalartclinic.com/,SUCCESS,VERIFIED,B,8,,御川　安仁,1995,,94.6%,MODEL_ESTIMATE,https://naturalartclinic.com/greeting,2,YouTube公式運用 / オンライン診療,YouTube公式運用｜https://www.youtube.com/channel/UCyu3XMI5sY05bsMWCbSRXIA/featured / オンライン診療｜オンライン診療 オンライン診療 → https://naturalartclinic.com/online,アツい,電話番号一致 / 医院名がページ見出しに一致 / 院長名一致,[],,
193,ＦＭＣ東京クリニック,東京都,2016-04-01,http://www.fmctokyo.jp/,https://fmctokyo.jp/,SUCCESS,VERIFIED,B,8,,中村　靖,1986,,0.0%,MODEL_ESTIMATE,https://fmctokyo.jp/about,3,YouTube公式運用 / Instagram公式運用 / オンライン診療,YouTube公式運用｜https://www.youtube.com/@fmc9649 / Instagram公式運用｜https://www.instagram.com/fetalmedicinetokyo/ / オンライン診療｜お知らせ 遺伝カウンセリング・検査結果説明などにつき、 電話での対応を行います。 新型コロナウイルス感染の蔓延の中、当院まで足を運ぶことを躊躇される方も多いことと存じます。当院では現在、遠隔診療システムの導入の準備を進めておりますが、当面、当方で可能と判断されるものについては、直接ご来院いただくかわりに、電話での説明で → https://fmctokyo.jp/archives/354,かなりアツい,電話番号一致 / 医院名がページ見出しに一致 / 院長名一致,[],,
211,東京外科クリニック,東京都,2017-04-01,https://www.tokyogeka.com/,https://www.tokyogeka.com/,SUCCESS,VERIFIED,B,9,,大沼　愛,,,,UNKNOWN,厚生局指定年月日 2017-04-01 を確認（年齢は直接算出不可）,3,YouTube公式運用 / LINE公式運用 / 漫画コンテンツ,YouTube公式運用｜https://www.youtube.com/channel/UCH2fYzEUmf3Gmlb8bnq6h7g / LINE公式運用｜https://lin.ee/PUa51We / 漫画コンテンツ｜https://www.tokyogeka.com/column/manga/,かなりアツい,電話番号一致 / 医院名がページ見出しに一致,[],,
213,飯田橋駅前さくら坂クリニック,東京都,2017-05-01,http://iidabashi-hifuka.com/,https://www.iidabashi-hifuka.com/,SUCCESS,VERIFIED,B,11,皮膚科,宮下　教子,,,,UNKNOWN,厚生局指定年月日 2017-05-01 を確認（年齢は直接算出不可）,2,YouTube公式運用 / Instagram公式運用,YouTube公式運用｜https://www.youtube.com/channel/UC4PN5cO0OZUqiObayaWWixA / Instagram公式運用｜https://www.instagram.com/sakurazakaclinic/,アツい,電話番号一致 / 医院名がページ見出しに一致,[],,
221,医療法人社団　安緑会　秋葉原内科内視鏡クリニック,東京都,2018-01-01,http://www.ikamera.net/,https://www.ikamera.net/,SUCCESS,VERIFIED,A,12,内視鏡 / ED,吉村　翼,2015,,100.0%,MODEL_ESTIMATE,https://www.ikamera.net/clinic/,2,HP制作会社の制作実績 / オンライン診療,HP制作会社の制作実績｜Produced by Heiwamed → https://www.heiwa-medical.com/ / オンライン診療｜医療法人社団安緑会 秋葉原内科内視鏡クリニック オンライン診療は秋葉原内科内視鏡クリニック → https://www.ikamera.net/,アツい,電話番号一致 / 医院名がページ見出しに一致 / 住所一致,[],,
222,秋葉原あつたアレルギー呼吸器内科クリニック,東京都,2018-04-01,https://atsuta-clinic.jp/,https://atsuta-clinic.jp/,SUCCESS,VERIFIED,C,7,,熱田　了,1992,,65.7%,MODEL_ESTIMATE,https://atsuta-clinic.jp/%e3%81%94%e6%8c%a8%e6%8b%b6,2,Doctors File掲載 / 地域ドクターズ掲載,Doctors File掲載｜Doctors File インタビュー記事 ドクターズファイル Doctors File インタビュー記事 → https://doctorsfile.jp/h/186744/df/1/ / 地域ドクターズ掲載｜東京ドクターズ インタビュー記事 東京ドクターズ 東京ドクターズ インタビュー記事 → https://tokyo-doctors.com/clinicList/52459/interview/,アツい,電話番号一致 / 医院名がページ見出しに一致 / 住所一致,[],,
224,東京シーサイドクリニック,東京都,2018-04-01,https://www.ts-clinic.jp/,https://www.ts-clinic.jp/,SUCCESS,VERIFIED,C,7,,中川　敬一,,,,UNKNOWN,厚生局指定年月日 2018-04-01 を確認（年齢は直接算出不可）,2,地域ドクターズ掲載 / オンライン診療,地域ドクターズ掲載｜https://tokyo-doctors.com/clinicList/52577/interview/ → https://tokyo-doctors.com/clinicList/52577/interview/ / オンライン診療｜2020/04/14 遠隔診療による初診について ＜4月14日新規スタート＞ 2020/04/14 遠隔診療による初診について ＜4月14日新規スタート＞ → https://www.ts-clinic.jp/435,アツい,電話番号一致 / 医院名がページ見出しに一致 / 院長名一致,[],,
232,医療法人社団　知慎会　ＪＴＫクリニック,東京都,2018-09-25,http://www.jtkclinic.com/,https://www.jtkclinic.com/,SUCCESS,VERIFIED,B,9,,小笠原　均,1992,,65.7%,MODEL_ESTIMATE,https://www.jtkclinic.com/about,2,Instagram公式運用 / オンライン診療,Instagram公式運用｜https://www.instagram.com/jtk_clinic_official?igsh=MnFoaTlueWt5OTk2 / オンライン診療｜Curonオンライン診療について Curonオンライン診療について Curonオンライン診療について → https://www.jtkclinic.com/online-medical-treatment,アツい,電話番号一致 / 医院名がページ見出しに一致 / 院長名一致,[],,
233,医療法人社団　肌のクリニック　麹町院,東京都,2019-02-01,https://koenji.clinic/,https://koenji.clinic/,SUCCESS,VERIFIED,A,12,ED / 皮膚科,松田　明子,,,,UNKNOWN,厚生局指定年月日 2019-02-01 を確認（年齢は直接算出不可）,5,YouTube公式運用 / TikTok公式運用 / Instagram公式運用 / LINE公式運用 / オンライン診療,YouTube公式運用｜https://www.youtube.com/@hadacli / TikTok公式運用｜https://www.tiktok.com/@hadanoclinic?lang=ja-JP / Instagram公式運用｜https://www.instagram.com/hadanoclinic/ / LINE公式運用｜https://line.me/R/ti/p/@267ertss?ts=02191146&oat_content=url / オンライン診療｜遠隔診療 TELEMEDICINE 遠隔診療 TELEMEDICINE → https://koenji.clinic/menu/online1,かなりアツい,電話番号一致 / 医院名がページ見出しに一致,[],,
241,グローバルヘルスケアクリニック,東京都,2019-06-01,https://ghc.tokyo/,https://www.ghc.tokyo/,SUCCESS,VERIFIED,A,12,糖尿病 / ED,水野　泰孝,,,,UNKNOWN,厚生局指定年月日 2019-06-01 を確認（年齢は直接算出不可）,6,Doctors File掲載 / Medical DOC掲載 / マイナビ記事掲載 / 地域ドクターズ掲載 / LINE公式運用 / オンライン診療,Doctors File掲載｜ → https://doctorsfile.jp/h/192373/df/1/ / Medical DOC掲載｜「子どもに抗生物質を飲ませない方がいい」この説の真相を明らかに 「子どもに抗生物質を飲ませない方がいい」この説の真相を明らかに → https://medicaldoc.jp/m/column-m/202201p1745/ / マイナビ記事掲載｜ → https://clinic.mynavi.jp/article/tokyo_allergy/ / 地域ドクターズ掲載｜ → https://tokyo-doctors.com/clinicList/59117/interview/ / LINE公式運用｜https://lin.ee/z6XXzdD / オンライン診療｜「オンライン診療について」のページ A4.遠方の方やお忙しい方のために、オンライン診療による渡航相談を実施しています。予防薬の処方なども可能ですので、ぜひご活用ください。詳細は 「オンライン診療について」のページ をご覧ください。 → https://www.ghc.tokyo/online,かなりアツい,電話番号一致 / 医院名がページ見出しに一致,[],,
245,リーレクリニック大手町,東京都,2019-06-01,https://www.lireclinic.com/,https://www.lireclinic.com/,SUCCESS,VERIFIED,A,13,糖尿病 / 男性更年期,片山　泰輔,,,,UNKNOWN,厚生局指定年月日 2019-06-01 を確認（年齢は直接算出不可）,3,地域ドクターズ掲載 / LINE公式運用 / オンライン診療,地域ドクターズ掲載｜東京ドクターズ 掲載情報： 千代田区医療機関検索 ／ Caloo ／ 東京ドクターズ ／ Jmap ／ curon ／ EPARK ／ fdoc ／ きれいレポート ／ むちなおそう ／ 病院なび ／ クリニックマップ ／ Scuel ／ AI病院検索 ／ Googleビジネスプロフィール → https://tokyo-doctors.com/clinicList/49643 / LINE公式運用｜https://lin.ee/s30ZFyS / オンライン診療｜専門診療 専門診療 肩こり・腰痛（筋膜リリース/ファシアリリース)注射 禁煙外来 睡眠時無呼吸症候群（SAS） ワキ汗（原発性腋窩多汗症） 自費診療 漢方外来 オンライン診療 あがり症（人前で緊張する）の治療 → https://www.lireclinic.com/exam/%e8%87%aa%e7%94%b1%e8%a8%ba%e7%99%82%e3%83%bb%e5%b0%82%e9%96%80%e5%a4%96%e6%9d%a5/,かなりアツい,電話番号一致 / 医院名がページ見出しに一致 / 院長名一致,[],,
250,神田ホリスティックひふ科,東京都,2019-12-01,https://www.kanda-hifu.com/,https://www.kanda-hifu.com/,SUCCESS,VERIFIED,A,13,皮膚科,若松　順子,,,,UNKNOWN,厚生局指定年月日 2019-12-01 を確認（年齢は直接算出不可）,3,Doctors File掲載 / Instagram公式運用 / オンライン診療,Doctors File掲載｜doctorsfile → https://doctorsfile.jp/h/193918/df/1/ / Instagram公式運用｜https://www.instagram.com/kanda_holistic_skin_clinic/ / オンライン診療｜詳しく見る オンライン診療 当院はPCやタブレットによるオンライン診療に対応しております。 詳しく見る → https://www.kanda-hifu.com/service/online-medical-treatment/,かなりアツい,電話番号一致 / 医院名がページ見出しに一致 / 住所一致,[],,
251,ｓｏｗａｋａ　ｗｏｍｅｎ’ｓ　ｈｅａｌｔｈ　ｃｌｉｎｉｃ,東京都,2019-12-01,https://sowaka-cl.com/,https://sowaka-cl.com/,SUCCESS,VERIFIED,A,12,皮膚科,竹元　葉,,,,UNKNOWN,厚生局指定年月日 2019-12-01 を確認（年齢は直接算出不可）,3,Instagram公式運用 / LINE公式運用 / オンライン診療,Instagram公式運用｜https://www.instagram.com/sowaka.clinic/?hl=ja / LINE公式運用｜https://lin.ee/x4HTBbI / オンライン診療｜https://5cmp.app.link/CUvxSQCSYVb?clinicId=644bb91281c0ba002f6b5882 ① melmoから予約 ブラウザからもご予約いただけますが、melmoアプリを登録のうえご予約いただくと、オンライン診療や検査結果の確認など、アプリの各種機能を便利にご活用いただけます → https://5cmp.app.link/CUvxSQCSYVb?clinicId=644bb91281c0ba002f6b5882,かなりアツい,電話番号一致 / 医院名がページ見出しに一致 / 住所一致,[],,
261,医療法人社団　八橋会　飯田橋耳鼻咽喉科医院,東京都,2020-07-01,http://iidabashijibika.com/,https://iidabashijibika.com/,SUCCESS,VERIFIED,C,7,,和多田　有紀子,,,,UNKNOWN,厚生局指定年月日 2020-07-01 を確認（年齢は直接算出不可）,2,LINE公式運用 / オンライン診療,LINE公式運用｜https://lin.ee/JdfASNr / オンライン診療｜オンライン診療 → https://iidabashijibika.com/online_practice/,アツい,電話番号一致 / 医院名がページ見出しに一致,[],,
270,医療法人社団　ウェルエイジング　クレアージュ東京エイジングケアクリニック,東京都,2020-12-01,https://www.womenshealth-tokyo.com/clinic/tokyo/,https://www.womenshealth-tokyo.com/clinic/tokyo/,SUCCESS,VERIFIED,A,12,皮膚科,濵中　聡子,,,,UNKNOWN,厚生局指定年月日 2020-12-01 を確認（年齢は直接算出不可）,3,Instagram公式運用 / LINE公式運用 / オンライン診療,Instagram公式運用｜https://www.instagram.com/creagetokyo/ / LINE公式運用｜https://lin.ee/ccAiFyQ / オンライン診療｜当院では、感染症対策のため オンライン診療 を行っております。 全国の患者様にご利用いただけます。 オンライン診断について 詳しくはこちら 当院では、感染症対策のため オンライン診療 を行っております。 全国の患者様にご利用いただけます。 オンライン診断について 詳しくはこちら → https://www.womenshealth-tokyo.com/online/,かなりアツい,電話番号一致 / 医院名がページ見出しに一致,[],,
272,神田痛みのクリニック,東京都,2020-11-01,https://kic-med.com/,https://kic-med.com/,SUCCESS,VERIFIED,C,7,,塩澤　正之,,,,UNKNOWN,厚生局指定年月日 2020-11-01 を確認（年齢は直接算出不可）,2,Instagram公式運用 / オンライン診療,Instagram公式運用｜https://www.instagram.com/kic_med/ / オンライン診療｜オンライン診療 オンライン診療 → https://telemedicine.tokyo/,アツい,電話番号一致 / 医院名がページ見出しに一致,"[{""reason"": ""HTTP 404。手動で確認してください。"", ""url"": ""https://kic-med.com/treatment/ownexpense/""}]",,
279,東京神田健康クリニック,東京都,2021-02-01,https://tokyo-kanda-kenko-clinic.com/,https://tokyo-kanda-kenko-clinic.com/,SUCCESS,VERIFIED,B,9,,田中　秀治,,,,UNKNOWN,厚生局指定年月日 2021-02-01 を確認（年齢は直接算出不可）,2,LINE公式運用 / オンライン診療,LINE公式運用｜https://line.me/R/ti/p/@206lyfqn / オンライン診療｜コンテンツにスキップ コンテンツにスキップ 診療内容一覧 医院ガイド お知らせ よくある質問 アクセス お問合わせ TOP 診療内容一覧 医院ガイド アクセス よくある質問 お問い合わせ オンライン診療 オンライン診療予約 現時点で考えられる、 最良の医療を提供。 当院のご紹介動画 東京神田健康クリニックでは、患者さま → https://tokyo-kanda-kenko-clinic.com/#content,アツい,電話番号一致 / 医院名がページ見出しに一致,"[{""reason"": ""HTTP 404。手動で確認してください。"", ""url"": ""https://tokyo-kanda-kenko-clinic.com/faq""}]",,
281,神保町整形外科,東京都,2021-03-01,https://jimbocho-seikei.com/,https://jimbocho-seikei.com/,SUCCESS,VERIFIED,B,9,,板倉　剛,2006,,99.8%,MODEL_ESTIMATE,https://jimbocho-seikei.com/blog/5456,2,Medical DOC掲載 / オンライン診療,Medical DOC掲載｜病気・治療の情報や医療機関の検索なら Medical Doc → https://medicaldoc.jp/m/recommend-m/tokyo-orthopedic/ / オンライン診療｜ご自宅から診療可能オンライン診療はこちら → https://jimbocho-seikei.com/online/,アツい,電話番号一致 / 医院名がページ見出しに一致 / 院長名一致,"[{""reason"": ""HTTP 404。手動で確認してください。"", ""url"": ""https://jimbocho-seikei.com/treatment/""}]",,
290,医療法人　優美会　お茶の水美容形成クリニック,東京都,2021-07-01,https://www.ochanomizubiyou.com/,https://www.ochanomizubiyou.com/,SUCCESS,VERIFIED,A,12,内視鏡 / 男性更年期 / 皮膚科,山田　淳生,,,,REVIEW,UNKNOWN,3,YouTube公式運用 / Instagram公式運用 / LINE公式運用,YouTube公式運用｜https://www.youtube.com/@dr.yoshii_ochanomizubiyou/featured / Instagram公式運用｜https://www.instagram.com/ochanomizubiyou/ / LINE公式運用｜https://lin.ee/NcvloeQ,かなりアツい,電話番号一致 / 医院名がページ見出しに一致 / 院長名一致,"[{""reason"": ""接続・SSL・タイムアウトのエラーです。"", ""url"": ""https://www.ochanomizubiyou.com/surgery/kuma/""}, {""reason"": ""接続・SSL・タイムアウトのエラーです。"", ""url"": ""https://www.ochanomizubiyou.com/surgery/naishikyo-facelift/""}]",,
291,九段坂内科消化器内科クリニック,東京都,2021-08-01,https://kudanzaka-clinic.jp/,https://kudanzaka-clinic.jp/,SUCCESS,VERIFIED,B,11,内視鏡 / 糖尿病,中尾　圭介,,,,UNKNOWN,厚生局指定年月日 2021-08-01 を確認（年齢は直接算出不可）,2,Doctors File掲載 / オンライン診療,Doctors File掲載｜ドクターズ・ファイル → https://doctorsfile.jp/h/200089/df/1/ / オンライン診療｜オンライン診療 オンライン診療 → https://clinics-app.com/clinic/676e44f1ae63d522d717725a/reservation?method=online,アツい,電話番号一致 / 医院名がページ見出しに一致,[],,
298,医療法人社団　多久美会　みきクリニック市ヶ谷,東京都,2021-11-01,http://www.miki-beauty.com/,https://miki-beauty.com/,SUCCESS,VERIFIED,A,12,皮膚科,菱沼　茂之,1995,,94.6%,MODEL_ESTIMATE,https://miki-beauty.com/,2,LINE公式運用 / オンライン診療,LINE公式運用｜https://lin.ee/ZSVQbyE / オンライン診療｜オンライン診療 オンライン診療 → https://clinics-app.com/clinic/6062d91b7c5adc1a90fdf52a,アツい,電話番号一致 / 医院名がページ見出しに一致 / 院長名一致,[],,
299,医療法人社団　ＦＡＭ　麹町皮ふ科・形成外科クリニック,東京都,2021-10-01,https://kojihifu.com/,https://kojihifu.com/,SUCCESS,VERIFIED,A,12,皮膚科,坂本　淳,,,,UNKNOWN,厚生局指定年月日 2021-10-01 を確認（年齢は直接算出不可）,3,YouTube公式運用 / Instagram公式運用 / LINE公式運用,YouTube公式運用｜https://www.youtube.com/channel/UC-4assorK-poJFZeH-nU_Ug/videos / Instagram公式運用｜https://www.instagram.com/kojihifukeisei/ / LINE公式運用｜https://lin.ee/GkuTO08,かなりアツい,電話番号一致 / 医院名がページ見出しに一致,[],,
306,北原皮膚科クリニック,東京都,2022-02-01,https://kitahara-hifuka-cl.com/,https://kitahara-hifuka-cl.com/,SUCCESS,VERIFIED,A,13,皮膚科,北原　博一,2013,,100.0%,MODEL_ESTIMATE,https://kitahara-hifuka-cl.com/doctor.html,2,Instagram公式運用 / オンライン診療,Instagram公式運用｜https://www.instagram.com/kitaharadermatologyclinic/ / オンライン診療｜オンライン診療 オンライン診療 → https://kitahara-hifuka-cl.com/telemedicine.html,アツい,電話番号一致 / 医院名がページ見出しに一致 / 住所一致 / 院長名一致,[],,
320,ＬＳクリニック,東京都,2022-10-01,https://ls-cl.com/,https://ls-cl.com/,SUCCESS,VERIFIED,A,12,糖尿病 / ED,島　克司,,,,UNKNOWN,厚生局指定年月日 2022-10-01 を確認（年齢は直接算出不可）,3,Medical DOC掲載 / オンライン診療 / 治療専門サイト,Medical DOC掲載｜東京都の腎臓内科 おすすめしたい11医院 関連リンク（外部）： 東京都の腎臓内科 おすすめしたい11医院 → https://medicaldoc.jp/m/recommend-m/tokyo-nephrology/#clinic-2001108114 / オンライン診療｜◎当院では、オンライン診療のみでいずれも自宅で検査できます。 ◎当院では、オンライン診療のみでいずれも自宅で検査できます。 → https://ls-cl.com/medical/online.html / 治療専門サイト｜https://www.torii-alg.jp/slit/,かなりアツい,電話番号一致 / 医院名がページ見出しに一致,[],,
323,九段下駅前ココクリニック,東京都,2022-11-01,https://kudanshita.clinic/,https://kudanshita.clinic/,SUCCESS,VERIFIED,A,12,糖尿病 / 循環器内科,石井　聡,,,,UNKNOWN,厚生局指定年月日 2022-11-01 を確認（年齢は直接算出不可）,3,Doctors File掲載 / LINE公式運用 / オンライン診療,Doctors File掲載｜ → https://doctorsfile.jp/h/181385/hr/1/ / LINE公式運用｜https://lin.ee/gJPhNSH / オンライン診療｜Skip to content Skip to content ホーム 医院紹介 私達の理念 医師紹介 院内紹介 患者様へのお知らせ 医療機関・医療関係者の方へ 診療案内 内科 小児科 循環器内科 心療内科・精神科 生活習慣病 予防接種 PCR検査 新型コロナウイルス抗体検査 花粉症治療 禁煙外来 オンライン診療 アク → https://kudanshita.clinic/#content,かなりアツい,電話番号一致 / 医院名がページ見出しに一致,[],,
335,秋葉原内科シンシアクリニック,東京都,2023-04-01,https://akihabara-sincere.com/,https://akihabara-sincere.com/,SUCCESS,VERIFIED,A,12,糖尿病 / 循環器内科,角田　昇隆,2014,,100.0%,MODEL_ESTIMATE,https://akihabara-sincere.com/,2,Doctors File掲載 / 地域ドクターズ掲載,Doctors File掲載｜秋葉原内科シンシアクリニック 院長 角田昇隆｜ドクターズファイル → https://doctorsfile.jp/h/212458/df/1/ / 地域ドクターズ掲載｜秋葉原内科シンシアクリニック 院長 角田昇隆｜東京ドクターズ → https://tokyo-doctors.com/clinicList/84490/interview/,アツい,電話番号一致 / 医院名がページ見出しに一致 / 院長名一致,[],,
337,神田西口うちだ内科,東京都,2023-05-01,http://www.kanda-uchida.jp/,https://kanda-uchida.jp/,SUCCESS,VERIFIED,A,12,糖尿病 / 循環器内科,内田　俊也,,,,UNKNOWN,厚生局指定年月日 2023-05-01 を確認（年齢は直接算出不可）,3,Doctors File掲載 / 地域ドクターズ掲載 / オンライン診療,Doctors File掲載｜ドクターズファイルの記事から ドクターズファイルの記事から → https://doctorsfile.jp/h/212809/df/1/ / 地域ドクターズ掲載｜東京ドクターズの記事から 東京ドクターズの記事から → https://tokyo-doctors.com/clinicList/84703/interview/ / オンライン診療｜◆初診からオンライン診療いたします(発熱も) ◆初診からオンライン診療いたします(発熱も) → https://kanda-uchida.jp/uncategolized/%e6%96%b0%e6%82%a3%e3%81%a7%e3%82%82%e3%82%aa%e3%83%b3%e3%83%a9%e3%82%a4%e3%83%b3%e8%a8%ba%e7%99%82%e3%81%84%e3%81%9f%e3%81%97%e3%81%be%e3%81%99-2241.html,かなりアツい,電話番号一致 / 医院名がページ見出しに一致,[],,
347,お茶の水頭痛めまいクリニック,東京都,2023-09-01,https://ocha-zutsu.com/,https://ocha-zutsu.com/,SUCCESS,VERIFIED,A,12,白内障 / 緑内障,片桐　彰久,,,,UNKNOWN,厚生局指定年月日 2023-09-01 を確認（年齢は直接算出不可）,3,Medical DOC掲載 / 地域ドクターズ掲載 / Instagram公式運用,Medical DOC掲載｜ → https://medicaldoc.jp/m/recommend-m/tokyo-helmet-therapy/ / 地域ドクターズ掲載｜東京ドクターズ → https://tokyo-doctors.com/clinicList/85190/ / Instagram公式運用｜https://www.instagram.com/ocha_zutsu/,かなりアツい,電話番号一致 / 医院名がページ見出しに一致 / 院長名一致,[],,
348,水道橋駅前こばやし皮フ科形成外科,東京都,2023-09-01,https://www.suidobashi-hifuka.com/,https://www.suidobashi-hifuka.com/,SUCCESS,VERIFIED,A,12,ED / 皮膚科,小林　光,2006,,99.8%,MODEL_ESTIMATE,https://www.suidobashi-hifuka.com/doctor/,4,Doctors File掲載 / HP制作会社の制作実績 / Instagram公式運用 / LINE公式運用,Doctors File掲載｜DR.BRIDGE｜クリニックホームページ作成 クリニックホームページ制作 → https://doctorsfile.jp/h/214555/df/1/ / HP制作会社の制作実績｜DR.BRIDGE｜クリニックホームページ作成 クリニックホームページ制作 → https://www.dr-bridge.co.jp/ / Instagram公式運用｜https://www.instagram.com/misakijinja/ / LINE公式運用｜https://lin.ee/hQ21D67,かなりアツい,電話番号一致 / 医院名がページ見出しに一致 / 院長名一致,[],,
349,いんしょう日の出クリニック,東京都,2023-10-01,https://insho-hinode.jp/,https://insho-hinode.jp/,SUCCESS,VERIFIED,B,11,,関口　豊,,,,UNKNOWN,厚生局指定年月日 2023-10-01 を確認（年齢は直接算出不可）,2,Instagram公式運用 / LINE公式運用,Instagram公式運用｜https://www.instagram.com/insho_hinode_clinic/ / LINE公式運用｜https://lin.ee/kx962Rw,アツい,電話番号一致 / 医院名がページ見出しに一致 / 院長名一致,[],,
350,ＮｅｗＳｐｉｎｅクリニック東京,東京都,2023-10-01,https://new-spine.com/,https://www.new-spine.com/,SUCCESS,VERIFIED,B,11,,石井　賢,,,,UNKNOWN,厚生局指定年月日 2023-10-01 を確認（年齢は直接算出不可）,2,YouTube公式運用 / Instagram公式運用,YouTube公式運用｜https://www.youtube.com/@NewSpineClinicTokyo / Instagram公式運用｜https://www.instagram.com/newspineclinic_tokyo/,アツい,電話番号一致 / 医院名がページ見出しに一致 / 院長名一致,[],,
352,東京神田整形外科クリニック,東京都,2023-10-01,https://tokyo-seikeigeka.jp/,https://tokyo-seikeigeka.jp/,SUCCESS,VERIFIED,B,11,,田邊　雄,,,,REVIEW,UNKNOWN,5,Doctors File掲載 / YouTube公式運用 / TikTok公式運用 / LINE公式運用 / オンライン診療,Doctors File掲載｜下記リンク先 下記リンク先 → https://doctorsfile.jp/h/196212/mt/1/ / YouTube公式運用｜https://www.youtube.com/channel/UCEQRKkqT9wXW5J1WNkS-0Aw / TikTok公式運用｜https://www.tiktok.com/@shinchou.sensei / LINE公式運用｜https://lin.ee/oT39Zcc / オンライン診療｜オンライン診療 オンライン診療 → https://tokyo-seikeigeka.jp/%e3%82%aa%e3%83%b3%e3%83%a9%e3%82%a4%e3%83%b3%e8%a8%ba%e7%99%82%e4%bf%9d%e9%99%ba,かなりアツい,電話番号一致 / 医院名がページ見出しに一致 / 院長名一致,"[{""reason"": ""HTTP 404。手動で確認してください。"", ""url"": ""https://tokyo-seikeigeka.jp/%25E8%25BA%25AB%25E9%2595%25B7%25E5%25A4%2596%25E6%259D%25A5/height-treatment""}]",,
353,末広町ヒライ耳鼻咽喉科,東京都,2023-10-01,https://hirai-jibika.com/,https://hirai-jibika.com/,SUCCESS,VERIFIED,B,9,,平井　良治,,,,UNKNOWN,厚生局指定年月日 2023-10-01 を確認（年齢は直接算出不可）,2,YouTube公式運用 / オンライン診療,YouTube公式運用｜https://www.youtube.com/@%E6%9C%AB%E5%BA%83%E7%94%BA%E3%83%92%E3%83%A9%E3%82%A4%E8%80%B3%E9%BC%BB%E5%92%BD%E5%96%89%E7%A7%91 / オンライン診療｜https://apps.apple.com/jp/app/id1101684249 当院は新型コロナウイルス感染症を考慮して、オンライン診療を開始いたします。 再診の方に限らせていただきますが、まず下記の無料アプリ（クロン）をインストールして頂き、以降アプリの操作手順に従って頂きます。医療機関コードを求められますので → https://apps.apple.com/jp/app/id1101684249,アツい,電話番号一致 / 医院名がページ見出しに一致,[],,
354,東京胃腸肛門内視鏡クリニック神田日本橋院,東京都,2023-11-01,https://www.gutclinic-tokyo.jp/,https://www.gutclinic-tokyo.jp/,SUCCESS,VERIFIED,A,14,内視鏡,三浦　みき,,,,UNKNOWN,厚生局指定年月日 2023-11-01 を確認（年齢は直接算出不可）,7,Doctors File掲載 / HP制作会社の制作実績 / AIチャット導入 / Instagram公式運用 / LINE公式運用 / オンライン診療 / 漫画コンテンツ,Doctors File掲載｜ → https://doctorsfile.jp/h/215265/df/1/ / HP制作会社の制作実績｜DR.BRIDGE｜クリニックホームページ作成 クリニックホームページ制作 → https://www.dr-bridge.co.jp/ / AIチャット導入｜AIの明記とウィジェットを確認 / Instagram公式運用｜https://www.instagram.com/tokyo_gut_clinic/ / LINE公式運用｜https://line.me/R/ti/p/@369zeijh?from=page&accountId=369zeijh / オンライン診療｜お忙しい方のために 土曜・日曜診療、検査日前後の オンライン診療対応可能 READ MORE 遠隔診療に対応 遠隔診療に対応 お忙しい方のために 土曜・日曜診療、検査日前後の オンライン診療対応可能 READ MORE → https://www.gutclinic-tokyo.jp/online/ / 漫画コンテンツ｜https://www.gutclinic-tokyo.jp/comic_daichou/,かなりアツい,電話番号一致 / 医院名がページ見出しに一致,[],,
355,ＭＴＸスポーツ・関節クリニック,東京都,2023-10-01,https://mtx-clinic.jp/,https://mtx-clinic.jp/,SUCCESS,VERIFIED,B,9,,菅野　由梨加,,,,UNKNOWN,厚生局指定年月日 2023-10-01 を確認（年齢は直接算出不可）,2,Instagram公式運用 / LINE公式運用,Instagram公式運用｜https://www.instagram.com/dr.ata_mtx_omap/ / LINE公式運用｜https://lin.ee/Np9E8TU,アツい,電話番号一致 / 医院名がページ見出しに一致 / 住所一致,[],,
362,Ｂｒｉｌｌｉａｎｔ　Ｃｌｉｎｉｃ　Ｔｏｋｙｏ,東京都,2024-04-01,https://brilliant-clinic.jp/,https://brilliant-clinic.jp/,SUCCESS,VERIFIED,A,12,泌尿器科 / 循環器内科,針生　恭一,,,,UNKNOWN,厚生局指定年月日 2024-04-01 を確認（年齢は直接算出不可）,3,Instagram公式運用 / LINE公式運用 / オンライン診療,Instagram公式運用｜https://www.instagram.com/brilliantclinictokyo?igsh=MTFmZ3Nra3k2cGE3eA%3D%3D&utm_source=qr / LINE公式運用｜https://line.me/R/ti/p/@833nisel?from=page&accountId=833nisel / オンライン診療｜オンライン診療科 オンライン診療科 → https://brilliant-clinic.jp/tax-medical/online/,かなりアツい,電話番号一致 / 医院名がページ見出しに一致,[],,
363,ちよだ内科クリニック,東京都,2024-03-01,https://chiyocli.online/,https://chiyocli.online/,SUCCESS,VERIFIED,B,11,糖尿病 / 皮膚科,鈴木　伝,,,,UNKNOWN,厚生局指定年月日 2024-03-01 を確認（年齢は直接算出不可）,3,YouTube公式運用 / TikTok公式運用 / Instagram公式運用,YouTube公式運用｜https://www.youtube.com/@online_chiyocli / TikTok公式運用｜https://www.tiktok.com/@online_chiyocli?_t=8lsBPlUTbu5&_r=1 / Instagram公式運用｜https://www.instagram.com/online_chiyocli/?igsh=MXNkajF5YWIyeHB3&utm_source=qr,かなりアツい,電話番号一致 / 医院名がページ見出しに一致 / 住所一致 / 院長名一致,[],,
365,半蔵門　渡海消化器・内視鏡クリニック,東京都,2024-06-01,https://www.tokai-naishikyo.com/,https://www.tokai-naishikyo.com/,SUCCESS,VERIFIED,A,12,内視鏡,渡海　義隆,,,,UNKNOWN,厚生局指定年月日 2024-06-01 を確認（年齢は直接算出不可）,2,Medical DOC掲載 / HP制作会社の制作実績,Medical DOC掲載｜Medical DOC. → https://medicaldoc.jp/m/column-m/ta-202508e0005/ / HP制作会社の制作実績｜DR.BRIDGE｜クリニックホームページ制作 クリニックホームページ制作 → https://www.dr-bridge.co.jp/,アツい,電話番号一致 / 医院名がページ見出しに一致 / 住所一致 / 院長名一致,[],,
370,こころサポートクリニック,東京都,2024-05-01,https://kokorosupport-clinic.com/,https://kokorosupport-clinic.com/,SUCCESS,VERIFIED,B,8,,平山　貴敏,,,,UNKNOWN,厚生局指定年月日 2024-05-01 を確認（年齢は直接算出不可）,2,Medical DOC掲載 / 地域ドクターズ掲載,Medical DOC掲載｜がん告知後のメンタルはどうなるのかご存じですか? 心のケアや不安との向き合い方も医師が解説 【執筆・監修記事】 医療従事者との良好なコミュニケーション | 卵巣がんとともに歩む | アストラゼネカ 卵巣がんの治療と生活に関する総合情報サイト (ransogan.jp) がん告知後のメンタルはどうなるのかご存じですか?  → https://medicaldoc.jp/m/column-m/202408p4527/ / 地域ドクターズ掲載｜平山 貴敏 院長｜こころサポートクリニック（小川町駅・精神科）｜東京ドクターズ 【インタビュー記事・動画】 平山 貴敏 院長｜こころサポートクリニック（小川町駅・精神科）｜東京ドクターズ 「こころサポートクリニック」の魅力と大切にしている医療方針｜ぱにらぼ こころに寄り添い続ける医療を―こころサポートクリニック 平山貴 → https://tokyo-doctors.com/clinicList/112095/interview/,アツい,電話番号一致 / 医院名がページ見出しに一致 / 院長名一致,[],,
372,お茶の水たかえすレディースクリニック,東京都,2024-05-01,https://ochanomizu-ladies.com/,https://ochanomizu-ladies.com/,SUCCESS,VERIFIED,B,11,,高江洲　陽太郎,,,,UNKNOWN,厚生局指定年月日 2024-05-01 を確認（年齢は直接算出不可）,2,Instagram公式運用 / LINE公式運用,Instagram公式運用｜https://www.instagram.com/ochanomizu_ladies?igsh=MWE1Y2QyMTYyYnNhNA== / LINE公式運用｜https://lin.ee/MKe3tt9,アツい,電話番号一致 / 医院名がページ見出しに一致 / 住所一致 / 院長名一致,[],,
374,ＣＬＡＳＳ　ＣＬＩＮＩＣ,東京都,2024-05-01,https://classclinic.jp/,https://classclinic.jp/,SUCCESS,VERIFIED,B,9,,松本　茂,,,,UNKNOWN,厚生局指定年月日 2024-05-01 を確認（年齢は直接算出不可）,4,Medical DOC掲載 / YouTube公式運用 / Instagram公式運用 / LINE公式運用,Medical DOC掲載｜Medical DOC 東京都×鼻整形 美容外科は、わずかな角度や1mmの違いで印象が変わる、非常に精密な医療です。骨格・筋肉・脂肪・皮膚の厚みといった解剖構造を理解し、微細なバランスを調整することで“自然で美しい仕上がり”が生まれます。 私はこれまで、鼻形成・フェイスリフト・注入治療など、構造理解が求められる領域に数 → https://medicaldoc.jp/m/recommend-m/tokyo-nose-surgery/#clinic-2001121107 / YouTube公式運用｜https://www.youtube.com/@shigeru.matsumoto / Instagram公式運用｜https://www.instagram.com/dr_shigeru/ / LINE公式運用｜https://line.me/R/ti/p/@449qabze?oat_content=url,かなりアツい,電話番号一致 / 医院名がページ見出しに一致 / 院長名一致,[],,
377,飯田橋みみ・はな・のどクリニック,東京都,2024-09-01,https://iidabashi-ent.com/,https://iidabashi-ent.com/,SUCCESS,VERIFIED,B,10,,石本　晋一,1992,,65.7%,MODEL_ESTIMATE,https://iidabashi-ent.com/doctor/,3,Medical DOC掲載 / 地域ドクターズ掲載 / LINE公式運用,Medical DOC掲載｜バナー → https://medicaldoc.jp/m/cm-medical/sudden-hearing-loss-treatment/ / 地域ドクターズ掲載｜東京ドクターズ インタビュー → https://tokyo-doctors.com/clinicList/112699/interview/ / LINE公式運用｜https://lin.ee/bhJOmDW,かなりアツい,電話番号一致 / 医院名がページ見出しに一致 / 院長名一致,[],,
383,はやしＡＲＴクリニック半蔵門,東京都,2024-09-01,https://hayashi-art.org/index.html,https://hayashi-art.org/index.html,SUCCESS,VERIFIED,B,8,,林　裕子,,,,REVIEW,UNKNOWN,4,Doctors File掲載 / マイナビ記事掲載 / HP制作会社の制作実績 / Instagram公式運用,Doctors File掲載｜クリニック・ドクターについての情報はこちら → https://doctorsfile.jp/h/219048/df/1/ / マイナビ記事掲載｜クリニック・ドクターについての情報はこちら → https://clinic.mynavi.jp/article/tokyo_ivf-et/ / HP制作会社の制作実績｜produced by FARO 東京都千代田区一番町10-2 はやしARTクリニック半蔵門 Copyright © はやしARTクリニック半蔵門 All rights reserved. produced by FARO → https://www.faro-co.jp/ / Instagram公式運用｜https://www.instagram.com/hayashiartclinic_hanzomon/?igsh=MWNhc3F6anZ5Y2c0Nw%3D%3D&utm_source=qr,かなりアツい,電話番号一致 / 医院名がページ見出しに一致 / 院長名一致,[],,
388,やさしい美容皮膚科・皮フ科　秋葉原院,東京都,2024-10-01,https://ui-chiho.clinic/,https://ui-chiho.clinic/,SUCCESS,VERIFIED,A,12,皮膚科,宇井　千穗,,,,UNKNOWN,厚生局指定年月日 2024-10-01 を確認（年齢は直接算出不可）,3,YouTube公式運用 / Instagram公式運用 / 漫画コンテンツ,YouTube公式運用｜https://www.youtube.com/channel/UCqqJzmfC7ERXQ7XZTS_mgVw / Instagram公式運用｜https://www.instagram.com/yasashiibiyouhifuka/ / 漫画コンテンツ｜https://ui-chiho.clinic/pdf/dermatology-manga.pdf?p=1789698653,かなりアツい,電話番号一致 / 医院名がページ見出しに一致,[],,
392,シンクヘルスクリニック,東京都,2024-12-01,https://synchealth-clinic.com/,https://synchealth-clinic.com/,SUCCESS,VERIFIED,A,12,糖尿病 / 皮膚科,岩佐　美穂,,,,UNKNOWN,厚生局指定年月日 2024-12-01 を確認（年齢は直接算出不可）,5,YouTube公式運用 / TikTok公式運用 / Instagram公式運用 / LINE公式運用 / オンライン診療,YouTube公式運用｜https://www.youtube.com/@%E3%82%B7%E3%83%B3%E3%82%AF%E3%83%98%E3%83%AB%E3%82%B9%E3%82%AF%E3%83%AA%E3%83%8B%E3%83%83%E3%82%AF / TikTok公式運用｜https://www.tiktok.com/@synchealth_clinic?_t=8qpdoJ1TD4D&_r=1 / Instagram公式運用｜https://www.instagram.com/synchealth_clinic?igsh=bGR3OG5xeTEyZWV2 / LINE公式運用｜https://line.me/R/ti/p/@461cvrsc?oat_content=url&ts=10251756 / オンライン診療｜診療内容一覧 オンライン診療 診療内容一覧 → https://synchealth-clinic.com/menu/item1605,かなりアツい,電話番号一致 / 医院名がページ見出しに一致,[],,
394,神田駅前レディースクリニック,東京都,2024-12-01,https://www.kanda-ladies.com/,https://kanda-ladies.com/,SUCCESS,VERIFIED,B,11,,山脇　真智,,,,UNKNOWN,厚生局指定年月日 2024-12-01 を確認（年齢は直接算出不可）,2,Instagram公式運用 / LINE公式運用,Instagram公式運用｜https://www.instagram.com/kanda_ekimaelc/ / LINE公式運用｜https://line.me/R/ti/p/@254vguja?ts=09191031&oat_content=url,アツい,電話番号一致 / 医院名がページ見出しに一致 / 住所一致 / 院長名一致,[],,
399,あたまと体のヘルスケアクリニック神田,東京都,2024-12-11,http://atamato-karada.com/,https://atamato-karada.com/,SUCCESS,VERIFIED,B,11,,池田　拓磨,,,,UNKNOWN,厚生局指定年月日 2024-12-11 を確認（年齢は直接算出不可）,2,Instagram公式運用 / オンライン診療,Instagram公式運用｜https://www.instagram.com/atama_to_karada_clinic_kanda / オンライン診療｜全国オンライン相談 全国オンライン相談 オンライン診療のご利用方法 当院のオンライン診療 オンライン睡眠・いびき外来 → https://atamato-karada.com/online-consultation/,アツい,電話番号一致 / 医院名がページ見出しに一致 / 院長名一致,[],,
404,麹町駅前クリニック,東京都,2025-05-01,https://kojimachi-ekimaecl.com/,https://kojimachi-ekimaecl.com/,SUCCESS,VERIFIED,A,14,ED / 泌尿器科 / 皮膚科,菅原　陽,2016,2016,100.0%,MODEL_ESTIMATE,厚生局/取込済み医籍登録年,2,Doctors File掲載 / オンライン診療,Doctors File掲載｜ → https://doctorsfile.jp/h/221395/df/1/ / オンライン診療｜アクセス アクセス WEB予約 デジスマ診療についてのご案内 キャッシュレス決済 クレジットカードを予めご登録いただくと、 診察が終わり次第、すぐに会計に移行します。 QRチェックイン 来院時QRコードをスキャン頂くことで受付完了し 速やかに診察にご案内できます。 通院履歴の確認 年間を通じて医療費の計算ができ 医療費 → https://kojimachi-ekimaecl.com/access/,アツい,電話番号一致 / 医院名がページ見出しに一致,"[{""reason"": ""HTTP 404。手動で確認してください。"", ""url"": ""https://kojimachi-ekimaecl.com/access/お支払い方法/""}, {""reason"": ""HTTP 404。手動で確認してください。"", ""url"": ""https://kojimachi-ekimaecl.com/about/お支払い方法/""}, {""reason"": ""HTTP 404。手動で確認してください。"", ""url"": ""https://kojimachi-ekimaecl.com/clinic/お支払い方法/""}, {""reason"": ""HTTP 404。手動で確認してください。"", ""url"": ""https://kojimachi-ekimaecl.com/doctor/お支払い方法/""}, {""reason"": ""HTTP 404。手動で確認してください。"", ""url"": ""https://kojimachi-ekimaecl.com/about/innnai/お支払い方法/""}, {""reason"": ""HTMLページではありません。"", ""url"": ""https://kojimachi-ekimaecl.com/feed/""}, {""reason"": ""HTTP 404。手動で確認してください。"", ""url"": ""https://kojimachi-ekimaecl.com/med/自由診療/お支払い方法/""}]",,
405,神田メンタルクリニック,東京都,2025-05-01,https://www.kanda-mental.com/,https://www.kanda-mental.com/,SUCCESS,VERIFIED,B,10,,加藤　二郎,,,,UNKNOWN,厚生局指定年月日 2025-05-01 を確認（年齢は直接算出不可）,3,HP制作会社の制作実績 / LINE公式運用 / オンライン診療,HP制作会社の制作実績｜DR.BRIDGE｜クリニックホームページ制作 クリニックホームページ制作 → https://www.dr-bridge.co.jp/ / LINE公式運用｜https://lin.ee/efsaDSW / オンライン診療｜オンライン診療について オンライン診療について → https://www.kanda-mental.com/to-patients/#a07,かなりアツい,電話番号一致 / 医院名がページ見出しに一致,[],,
409,船橋整形外科　番町クリニック,東京都,2025-06-01,https://bancho-seikei.jp/,https://bancho-seikei.jp/,SUCCESS,VERIFIED,B,8,,白土　英明,,,,UNKNOWN,厚生局指定年月日 2025-06-01 を確認（年齢は直接算出不可）,2,Instagram公式運用 / LINE公式運用,Instagram公式運用｜https://www.instagram.com/funabashi_bancho.sns/ / LINE公式運用｜https://line.me/R/ti/p/@087rzosq,アツい,電話番号一致 / 医院名がページ見出しに一致,[],,
410,神田駅前もんでん耳鼻咽喉科,東京都,2025-06-01,https://kanda-monden-jibi.jp/,https://kanda-monden-jibi.jp/,SUCCESS,VERIFIED,B,10,,門田　哲弥,2005,,99.8%,MODEL_ESTIMATE,https://kanda-monden-jibi.jp/,3,Doctors File掲載 / Medical DOC掲載 / LINE公式運用,Doctors File掲載｜ドクターズ・ファイル クリニックドクターについての情報はこちら → https://doctorsfile.jp/h/221749/df/1/ / Medical DOC掲載｜MedicalDOCに当院の情報を掲載しています → https://medicaldoc.jp/clinic/2001130470/ / LINE公式運用｜https://lin.ee/n9e5tew,かなりアツい,電話番号一致 / 医院名がページ見出しに一致 / 院長名一致,[],,
411,神田室町こころクリニック,東京都,2025-07-01,https://kanda-cocolo.com/,https://kanda-cocolo.com/,SUCCESS,VERIFIED,C,7,,田口　美月,2025,,100.0%,MODEL_ESTIMATE,https://kanda-cocolo.com/%e9%ab%98%e6%a9%8b%e4%b8%80%e5%bf%97,2,Instagram公式運用 / オンライン診療,Instagram公式運用｜https://www.instagram.com/kandacocolo/ / オンライン診療｜オンライン診療 オンライン診療 → https://kanda-cocolo.com/%e3%82%aa%e3%83%b3%e3%83%a9%e3%82%a4%e3%83%b3%e8%a8%ba%e7%99%82,アツい,電話番号一致 / 医院名がページ見出しに一致 / 院長名一致,[],,
416,駿河台レディースクリニック,東京都,2025-05-01,https://surugadai-lc.com/,https://surugadai-lc.com/,SUCCESS,VERIFIED,B,10,,小野　修一,2005,,99.8%,MODEL_ESTIMATE,https://surugadai-lc.com/about/,2,Doctors File掲載 / LINE公式運用,Doctors File掲載｜Doctors File インタビュー記事 → https://doctorsfile.jp/h/213729/df/1/ / LINE公式運用｜https://line.me/R/ti/p/@596hkefb?from=page&accountId=596hkefb,アツい,電話番号一致 / 医院名がページ見出しに一致 / 院長名一致,[],,
418,飯田橋メンタルクリニック,東京都,2025-05-01,https://www.iidabashi-mental.jp/,https://www.iidabashi-mental.jp/,SUCCESS,VERIFIED,B,8,,三宅　永,,,,UNKNOWN,厚生局指定年月日 2025-05-01 を確認（年齢は直接算出不可）,2,Doctors File掲載 / 地域ドクターズ掲載,Doctors File掲載｜ドクターズファイル → https://doctorsfile.jp/h/29800/df/1/ / 地域ドクターズ掲載｜東京ドクターズ院長インタビュー → https://tokyo-doctors.com/clinicList/41607/interview/,アツい,電話番号一致 / 医院名がページ見出しに一致 / 院長名一致,[],,
419,大手町ＡＲＴクリニック,東京都,2025-10-01,https://www.tokyo-womens.clinic/,https://www.tokyo-womens.clinic/,SUCCESS,VERIFIED,B,11,,金　南孝,2007,,99.8%,MODEL_ESTIMATE,https://www.tokyo-womens.clinic/about/,4,Doctors File掲載 / TikTok公式運用 / Instagram公式運用 / LINE公式運用,Doctors File掲載｜ドクターズ・ファイル｜クリニック・ドクターについての情報はこちら (旧 大手町ARTクリニック) お知らせ クリニック紹介 初めての方へ 診療内容 料金表 妊娠率について アクセス コラム 採用情報 初回予約はこちら お知らせ クリニック紹介 初めての方・通院中の方へ 診療内容 不妊症検査 一般不妊治療 高度生殖医療（ → https://doctorsfile.jp/h/223003/ / TikTok公式運用｜https://www.tiktok.com/@tokyo_womens_clinic / Instagram公式運用｜https://www.instagram.com/dr.kim_twc/ / LINE公式運用｜https://lin.ee/d5YEkaD,かなりアツい,電話番号一致 / 医院名がページ見出しに一致 / 院長名一致,[],,
420,御茶ノ水みき皮膚科,東京都,2025-11-01,https://ochanomizu-miki-hifuka.com/,https://ochanomizu-miki-hifuka.com/,SUCCESS,VERIFIED,B,10,皮膚科,杉田　美樹,2007,,99.8%,MODEL_ESTIMATE,https://ochanomizu-miki-hifuka.com/doctor.html,2,地域ドクターズ掲載 / Instagram公式運用,地域ドクターズ掲載｜ → https://tokyo-doctors.com/clinicList/114537/interview / Instagram公式運用｜https://www.instagram.com/miki_hifuka?igsh=MWU5MnR1ZWkwcDBiMA%3D%3D,アツい,電話番号一致 / 医院名がページ見出しに一致 / 院長名一致,[],,
421,番町麹町こどもクリニック,東京都,2025-10-01,https://myc-bkkc.com/,https://myc-bkkc.com/,SUCCESS,VERIFIED,B,11,,尾関　恵里奈,,,,UNKNOWN,厚生局指定年月日 2025-10-01 を確認（年齢は直接算出不可）,4,Doctors File掲載 / Instagram公式運用 / LINE公式運用 / オンライン診療,Doctors File掲載｜クリニックドクターについての情報はこちら → https://doctorsfile.jp/h/223329/df/1/ / Instagram公式運用｜https://www.instagram.com/banchoukoujimachikodomoclinic/?igsh=MW1yc3RlMG0zN2UxNA%3D%3D / LINE公式運用｜https://line.me/R/ti/p/@963rxdpn / オンライン診療｜オンライン診療 詳細はこちら → https://myc-bkkc.com/blog/%e3%82%aa%e3%83%b3%e3%83%a9%e3%82%a4%e3%83%b3%e8%a8%ba%e7%99%82%e5%a7%8b%e3%82%81%e3%81%be%e3%81%99/,かなりアツい,電話番号一致 / 医院名がページ見出しに一致 / 住所一致 / 院長名一致,[],,
425,市ヶ谷駅前いしかわ眼科,東京都,2025-12-01,https://ishikawa-ganka.net/,https://ishikawa-ganka.net/,SUCCESS,VERIFIED,A,12,白内障 / 緑内障,石川　悠,2007,,99.8%,MODEL_ESTIMATE,https://ishikawa-ganka.net/doctor.html,2,Doctors File掲載 / Instagram公式運用,Doctors File掲載｜ドクターズ・ファイル1 → https://doctorsfile.jp/h/223654/df/1/ / Instagram公式運用｜https://www.instagram.com/ishikawa_ganka1208/,アツい,電話番号一致 / 医院名がページ見出しに一致 / 住所一致 / 院長名一致,[],,
437,飯田橋駅マール産婦人科クリニック,東京都,2026-03-01,https://www.mar-womens.com/,https://www.mar-womens.com/,SUCCESS,VERIFIED,A,14,内視鏡,松浦　宏美,,,,UNKNOWN,厚生局指定年月日 2026-03-01 を確認（年齢は直接算出不可）,6,Doctors File掲載 / HP制作会社の制作実績 / 地域ドクターズ掲載 / Instagram公式運用 / LINE公式運用 / オンライン診療,Doctors File掲載｜ → https://doctorsfile.jp/h/227936/df/1/ / HP制作会社の制作実績｜DR.BRIDGE｜クリニックホームページ制作 クリニックホームページ制作 → https://www.dr-bridge.co.jp/ / 地域ドクターズ掲載｜ → https://tokyo-doctors.com/clinicList/115218/interview / Instagram公式運用｜https://www.instagram.com/mar_womens_clinic/ / LINE公式運用｜https://lin.ee/vxEbySi / オンライン診療｜オンライン診療 オンライン診療 → https://www.mar-womens.com/,かなりアツい,電話番号一致 / 医院名がページ見出しに一致,[],,
439,医療法人四つ葉会　よつば会クリニック　有楽町院,東京都,2025-12-31,https://yotsubakai-yurakucho.com/outpatient/,https://yotsubakai-yurakucho.com/outpatient/,SUCCESS,VERIFIED,B,11,皮膚科,市川　明子,1997,,98.2%,MODEL_ESTIMATE,https://yotsubakai-yurakucho.com/doctor/,2,Instagram公式運用 / LINE公式運用,Instagram公式運用｜https://www.instagram.com/yotsubakai_iryohozin/ / LINE公式運用｜https://lin.ee/poYAcXR,アツい,電話番号一致 / 医院名がページ見出しに一致 / 院長名一致,"[{""reason"": ""HTMLページではありません。"", ""url"": ""https://yotsubakai-yurakucho.com/feed/""}]",,
446,お茶の水乳腺クリニック,東京都,2026-05-01,https://ochanomizu-bc.com/,https://ochanomizu-bc.com/,SUCCESS,VERIFIED,C,7,,林　香菜子,2014,,100.0%,MODEL_ESTIMATE,https://ochanomizu-bc.com/doctor/,2,Medical DOC掲載 / 地域ドクターズ掲載,Medical DOC掲載｜medical doc → https://medicaldoc.jp/m/recommend-m/tokyo-breast-surgery/ / 地域ドクターズ掲載｜東京ドクターズ → https://tokyo-doctors.com/clinicList/117067/interview,アツい,電話番号一致 / 医院名がページ見出しに一致 / 院長名一致,[],,
448,健康増進クリニック,東京都,2026-02-25,http://www.kenkou-zoushin.com/,https://www.kenkou-zoushin.com/,SUCCESS,VERIFIED,A,12,,前田　陽子,,,,UNKNOWN,厚生局指定年月日 2026-02-25 を確認（年齢は直接算出不可）,2,Instagram公式運用 / 治療専用LP,Instagram公式運用｜https://www.instagram.com/mizukami_osamu.kenkou.zoushin/ / 治療専用LP｜医院名と電話/住所を確認,アツい,電話番号一致 / 医院名がページ見出しに一致 / 院長名一致,[],,
453,神田神保町さめしまクリニック,東京都,2026-08-01,https://sameshima-cl.com/,https://sameshima-cl.com/,SUCCESS,VERIFIED,A,14,糖尿病,鮫島　祥継,,,,UNKNOWN,厚生局指定年月日 2026-08-01 を確認（年齢は直接算出不可）,4,地域ドクターズ掲載 / Instagram公式運用 / LINE公式運用 / オンライン診療,地域ドクターズ掲載｜東京ドクターズ インタビュー → https://tokyo-doctors.com/clinicList/117412/interview / Instagram公式運用｜https://www.instagram.com/jimbocho_sameshima_clinic?igsh=MW44czB6bXlndnI2cQ / LINE公式運用｜https://lin.ee/PN8wE8a / オンライン診療｜オンライン診療 オンライン診療 → https://sameshima-cl.com/medical/online-consultation/,かなりアツい,電話番号一致 / 医院名がページ見出しに一致 / 住所一致 / 院長名一致,[],,
458,はなふさ皮膚科秋葉原院,東京都,2026-07-01,https://mitakabiyou.com/akihabara,https://mitakabiyou.com/akihabara,SUCCESS,VERIFIED,A,13,皮膚科,安重　佳祐,,,,UNKNOWN,厚生局指定年月日 2026-07-01 を確認（年齢は直接算出不可）,3,YouTube公式運用 / TikTok公式運用 / Instagram公式運用,YouTube公式運用｜https://www.youtube.com/channel/UCrMERPwq0DaxnnwettzmQEw / TikTok公式運用｜https://www.tiktok.com/@doctor_hanafusa / Instagram公式運用｜https://www.instagram.com/hanafusahifuka/,かなりアツい,電話番号一致 / 医院名がページ見出しに一致 / 院長名一致,[],,
480,医療法人社団　三喜会　有楽橋クリニック,東京都,1989-11-01,http://yurakubashi.com/,https://yurakubashi.com/,SUCCESS,VERIFIED,A,14,糖尿病,林　俊行,,,,UNKNOWN,厚生局指定年月日 1989-11-01 を確認（年齢は直接算出不可）,2,Doctors File掲載 / LINE公式運用,Doctors File掲載｜ドクターズ・ファイル → https://doctorsfile.jp/h/28626/df/1/ / LINE公式運用｜https://lin.ee/uexHeom,アツい,電話番号一致 / 医院名がページ見出しに一致 / 院長名一致,[],,
508,医療法人社団　春音会　さくら・はるねクリニック銀座,東京都,1999-10-01,https://sakura-ginza.jp/,https://sakura-ginza.jp/,SUCCESS,VERIFIED,B,8,,三木　明德,1992,,65.7%,MODEL_ESTIMATE,https://sakura-ginza.jp/doctor/,3,Doctors File掲載 / YouTube公式運用 / Instagram公式運用,Doctors File掲載｜Docters File ドクター・ファイル → https://doctorsfile.jp/h/28598/df/1/ / YouTube公式運用｜https://www.youtube.com/channel/UCAe4Mkg-V3qg0o_DHH1mZXw / Instagram公式運用｜https://www.instagram.com/sakura.harune_clinic_ginza?igsh=MTM5ZWVkeDhjbHM2ag==,かなりアツい,電話番号一致 / 医院名がページ見出しに一致,[],,
512,信州会クリニック,東京都,2001-05-01,https://www.nk-clinic.info/,https://www.nk-clinic.info/,SUCCESS,VERIFIED,A,14,皮膚科,永井　一成,,,,UNKNOWN,厚生局指定年月日 2001-05-01 を確認（年齢は直接算出不可）,4,地域ドクターズ掲載 / Instagram公式運用 / LINE公式運用 / オンライン診療,地域ドクターズ掲載｜初診WEB予約はこちら 初診WEB予約はこちら 電話：03-3662-1166 オンライン診療 → https://tokyo-doctors.com/preReserve/19687/ / Instagram公式運用｜https://www.instagram.com/shinshukai_clinic/ / LINE公式運用｜https://lin.ee/22W73FaiQ / オンライン診療｜コンテンツへスキップ コンテンツへスキップ 東京都中央区日本橋堀留町 1-2-13 TEL:03-3662-1166 TOP 当院紹介 内科 皮膚科 麻酔科（ペインクリニック） 遠絡療法（自費診療） 遠絡療法 Q&A 漢方薬診療 医療用漢方製剤 プラセンタ療法 美容診療 顔プラセンタ注射 毛穴洗浄・ピーリング ゼオスキ → https://www.nk-clinic.info/#main,かなりアツい,電話番号一致 / 医院名がページ見出しに一致,[],,
518,中央みなとクリニック,東京都,2003-09-01,https://www.minatokai.jp/chuo_minato/,https://www.minatokai.jp/chuo_minato/,SUCCESS,VERIFIED,B,10,内視鏡 / 糖尿病 / 泌尿器科 / 循環器内科 / 皮膚科,斉藤　達也,,,,UNKNOWN,厚生局指定年月日 2003-09-01 を確認（年齢は直接算出不可）,2,Doctors File掲載 / オンライン診療,Doctors File掲載｜斎藤 達也 理事長の独自取材記事 → https://doctorsfile.jp/h/29249/df/1/ / オンライン診療｜運営について 運営について 個人情報保護方針 医療情報取得加算について 院外処方箋における一般名処方について 医療ＤＸ推進体制整備加算について オンライン診療における処方について サイトマップ → https://www.minatokai.jp/chuo_minato/operation/,アツい,電話番号一致 / 医院名がページ見出しに一致,[],,
523,医療法人社団　浩仁医会　水天宮藤田眼科,東京都,2004-09-01,http://www.cojin.org/,https://cojin.org/,SUCCESS,VERIFIED,A,12,白内障 / 緑内障 / ICL,藤田　浩司,1987,,0.0%,MODEL_ESTIMATE,https://cojin.org/about/,5,Doctors File掲載 / Medical DOC掲載 / 地域ドクターズ掲載 / Instagram公式運用 / LINE公式運用,Doctors File掲載｜『藤田 浩司 院長の独自取材記事』 藤田院長のドクターズ・ファイル取材記事がリニューアルされました。 ▶ 『藤田 浩司 院長の独自取材記事』 → https://doctorsfile.jp/h/28995/df/1/ / Medical DOC掲載｜メディカルドック 『東京都中央区の眼科 おすすめしたい5医院』に紹介されました。 → https://medicaldoc.jp/m/recommend-m/tokyo-chuo-ct-ophthalmology/ / 地域ドクターズ掲載｜中央区ドクターズインタビュー 通院から生活面での注意点まで、眼の健康をトータルサポート。 → https://tokyo-doctors.com/clinicList/836/interview/ / Instagram公式運用｜https://www.instagram.com/suitengufujitaganka?ref=badge / LINE公式運用｜https://lin.ee/2r0CIsW,かなりアツい,電話番号一致 / 医院名がページ見出しに一致 / 院長名一致,[],,
537,医療法人社団　祥葵会　あおいクリニック銀座,東京都,2006-03-01,http://aoi-clinic.com/,https://aoi-clinic.com/,SUCCESS,VERIFIED,C,7,,中野　あおい,,,,UNKNOWN,厚生局指定年月日 2006-03-01 を確認（年齢は直接算出不可）,2,Instagram公式運用 / LINE公式運用,Instagram公式運用｜https://www.instagram.com/dr.aoi_nakano/ / LINE公式運用｜https://line.me/ti/p/FnYiFDpS4U,アツい,電話番号一致 / 医院名がページ見出しに一致 / 院長名一致,[],,
542,医療法人社団　久信会　やえす日本橋ヒフ科,東京都,2007-07-01,https://www.hibiya-skin.com/yaesu/,https://www.hibiya-skin.com/yaesu/,SUCCESS,VERIFIED,A,12,皮膚科,矢野　正一郎,1995,,94.6%,MODEL_ESTIMATE,https://www.hibiya-skin.com/doctor/,5,Medical DOC掲載 / マイナビ記事掲載 / 地域ドクターズ掲載 / Instagram公式運用 / LINE公式運用,Medical DOC掲載｜増岡院長がトレンディエンジェル斎藤司さんとAGA治療についての対談を行いました → https://medicaldoc.jp/special/saito_aga/ / マイナビ記事掲載｜マイナビ クリニックナビに当院が紹介されました！ → https://clinic.mynavi.jp/article/tokyo_hyperhidrosis-treatment/ / 地域ドクターズ掲載｜東京ドクターズinterview → https://yoyaku.tokyo-doctors.com/clinicList/42652/ / Instagram公式運用｜https://www.instagram.com/yaesunihonbashiskin/ / LINE公式運用｜https://lin.ee/r5PVTMY,かなりアツい,電話番号一致 / 医院名がページ見出しに一致 / 院長名一致,[],,
549,茅場町メンタルクリニック,東京都,2008-12-01,https://www.kayabacho-mental-clinic.jp/,https://www.kayabacho-mental-clinic.jp/,SUCCESS,VERIFIED,B,8,,吉原　小百合,,,,UNKNOWN,厚生局指定年月日 2008-12-01 を確認（年齢は直接算出不可）,2,Doctors File掲載 / オンライン診療,Doctors File掲載｜ドクターズ・ファイル 掲載記事はこちら ドクターズ・ファイルに掲載されています → https://doctorsfile.jp/h/29007/df/1/ / オンライン診療｜2026.09.06 お知らせ ホームページをリニューアルいたしました。 平素より茅場町メンタルクリニックをご利用いただき、誠にありがとうございます。 このたび、皆さまにより分かりやすく当院の情報をお届けできるよう、ホームページを全面… 2026.09.06 お知らせ ホームページをリニューアルいたしました。 平素より → https://www.kayabacho-mental-clinic.jp/news/new-hp,アツい,電話番号一致 / 医院名がページ見出しに一致,[],,
551,銀座スキンクリニック,東京都,2008-11-01,http://www.ginzaskin.com/,https://ginzaskin.com/,SUCCESS,VERIFIED,A,14,皮膚科,坪内　利江子,,,,UNKNOWN,厚生局指定年月日 2008-11-01 を確認（年齢は直接算出不可）,2,Instagram公式運用 / オンライン診療,Instagram公式運用｜https://www.instagram.com/ginzaskinclinic/ / オンライン診療｜オンライン診療のご案内 オンライン診療のご案内 → https://ginzaskin.com/online/,アツい,電話番号一致 / 医院名がページ見出しに一致 / 院長名一致,"[{""reason"": ""HTTP 404。手動で確認してください。"", ""url"": ""https://ginzaskin.com/menu/shimitori/""}]",,
556,銀座並木通りクリニック,東京都,2009-10-01,http://www.ginzanamiki-clinic.com/,https://www.ginzanamiki-clinic.com/,SUCCESS,VERIFIED,B,11,ED,三好　立,1992,,65.7%,MODEL_ESTIMATE,https://www.ginzanamiki-clinic.com/clinic/staff.html,3,Doctors File掲載 / YouTube公式運用 / オンライン診療,Doctors File掲載｜街の頼れるドクターとして院長が紹介されました 街の頼れるドクターとして院長が紹介されました → http://doctorsfile.jp/h/36659/df/1/ / YouTube公式運用｜https://www.youtube.com/@%E9%8A%80%E5%BA%A7%E4%B8%A6%E6%9C%A8%E9%80%9A%E3%82%8A / オンライン診療｜詳細はこちらをご覧ください 2022.5.17 オンライン診療を開始しました 詳細はこちらをご覧ください → https://www.ginzanamiki-clinic.com/online.html,かなりアツい,電話番号一致 / 医院名がページ見出しに一致 / 院長名一致,[],,
560,医療法人社団　医成会　みらいメディカルクリニック銀座,東京都,2010-04-01,https://mirai-mg.com/ginza/,https://mirai-mg.com/ginza/,SUCCESS,VERIFIED,A,12,内視鏡 / 糖尿病 / ED / 泌尿器科 / 循環器内科 / 皮膚科,澤田　秀雄,,,,UNKNOWN,厚生局指定年月日 2010-04-01 を確認（年齢は直接算出不可）,4,TikTok公式運用 / Instagram公式運用 / LINE公式運用 / オンライン診療,TikTok公式運用｜https://www.tiktok.com/@mirai.medicalgroup/ / Instagram公式運用｜https://www.instagram.com/mirai_medical_group/ / LINE公式運用｜https://lin.ee/T0xTVrl / オンライン診療｜オンライン診療 オンライン診療 → https://mirai-mg.com/online-medical/,かなりアツい,電話番号一致 / 医院名がページ見出しに一致,[],,
587,医療法人社団　順医会　京橋クリニック,東京都,2011-10-25,http://kyobashi-clinic.com/,https://kyobashi-clinic.com/,SUCCESS,VERIFIED,A,12,ED / 循環器内科,山﨑　明男,,,,UNKNOWN,厚生局指定年月日 2011-10-25 を確認（年齢は直接算出不可）,2,HP制作会社の制作実績 / 地域ドクターズ掲載,HP制作会社の制作実績｜内科ホームページ制作 © 京橋クリニック 内科ホームページ制作 → http://tokuraku.jp/ / 地域ドクターズ掲載｜中央区ドクターズ 院長インタビュー 中央区ドクターズ 院長インタビュー → https://tokyo-doctors.com/clinicList/32913/interview/,アツい,電話番号一致 / 医院名がページ見出しに一致 / 院長名一致,[],,
597,東京腰痛クリニック,東京都,2012-12-01,https://www.tokyo-itoortho.jp/,https://www.tokyo-itoortho.jp/,SUCCESS,VERIFIED,B,8,,三浦　恭志,,,,UNKNOWN,厚生局指定年月日 2012-12-01 を確認（年齢は直接算出不可）,3,Doctors File掲載 / Medical DOC掲載 / YouTube公式運用,Doctors File掲載｜東京腰痛クリニック 三浦恭志 院長 → https://doctorsfile.jp/h/36664/df/1/ / Medical DOC掲載｜【2025年】東京都の椎間板ヘルニア おすすめしたい11医院 → https://medicaldoc.jp/m/recommend-m/tokyo-tsuikanbanherunia/ / YouTube公式運用｜https://www.youtube.com/@%E6%9D%B1%E4%BA%AC%E8%85%B0%E7%97%9B%E3%82%AF%E3%83%AA%E3%83%8B%E3%83%83%E3%82%AF,かなりアツい,電話番号一致 / 医院名がページ見出しに一致 / 院長名一致,[],,
604,東京プライベートクリニック,東京都,2013-07-01,https://www.tokyoprivateclinic.com/,https://www.tokyoprivateclinic.com/,SUCCESS,VERIFIED,C,6,,金田　真由美,,,,UNKNOWN,厚生局指定年月日 2013-07-01 を確認（年齢は直接算出不可）,2,Instagram公式運用 / LINE公式運用,Instagram公式運用｜https://www.instagram.com/tokyoprivateclinic/?igshid=YmMyMTA2M2Y%3D / LINE公式運用｜https://lin.ee/uSG1SlG,アツい,電話番号一致 / 医院名がページ見出しに一致,"[{""reason"": ""HTTP 429。手動で確認してください。"", ""url"": ""https://www.tokyoprivateclinic.com""}, {""reason"": ""アクセス制限があるため、このサイトの取得を停止しました。"", ""url"": ""https://www.tokyoprivateclinic.com/クリニックについて""}, {""reason"": ""アクセス制限があるため、このサイトの取得を停止しました。"", ""url"": ""https://www.tokyoprivateclinic.com/アクセス""}, {""reason"": ""アクセス制限があるため、このサイトの取得を停止しました。"", ""url"": ""https://www.tokyoprivateclinic.com/幹細胞治療""}, {""reason"": ""アクセス制限があるため、このサイトの取得を停止しました。"", ""url"": ""https://www.tokyoprivateclinic.com/血液浄化療法""}, {""reason"": ""アクセス制限があるため、このサイトの取得を停止しました。"", ""url"": ""https://www.tokyoprivateclinic.com/幹細胞培養上清液""}, {""reason"": ""アクセス制限があるため、このサイトの取得を停止しました。"", ""url"": ""https://www.tokyoprivateclinic.com/美容医療""}, {""reason"": ""アクセス制限があるため、このサイトの取得を停止しました。"", ""url"": ""https://www.tokyoprivateclinic.com/キャンペーン""}]",,
606,たわらクリニック東京,東京都,2013-08-01,https://www.tawara-clinic.com/clinic-tokyo/,https://www.tawara-clinic.com/clinic-tokyo,SUCCESS,VERIFIED,B,8,,山口　裕太,,,,UNKNOWN,厚生局指定年月日 2013-08-01 を確認（年齢は直接算出不可）,2,Instagram公式運用 / オンライン診療,Instagram公式運用｜https://www.instagram.com/tawara_clinic/ / オンライン診療｜Tokyo Clinic (English) 通院の負担を減らす、便利で柔軟な診療体制 たわらクリニック東京では、オンライン診療に対応し、処方されたお薬をご自宅までお届けする「宅薬便」サービスもご利用いただけます。さらに、2026年11月から英語診療を開始予定。忙しい方や通院が難しい方、外国人の方にも受診しやすい診療体 → https://www.tawara-clinic.com/en,アツい,電話番号一致 / 医院名がページ見出しに一致 / 院長名一致,[],,
613,医療法人社団　真高会　両角レディースクリニック,東京都,2014-04-01,https://morozumi-lc.com/,https://www.morozumi-lc.com:443/,SUCCESS,VERIFIED,B,11,,両角　和人,,,,UNKNOWN,厚生局指定年月日 2014-04-01 を確認（年齢は直接算出不可）,3,YouTube公式運用 / Instagram公式運用 / オンライン診療,YouTube公式運用｜https://www.youtube.com/@MorozumiLadiesClinic/playlists / Instagram公式運用｜https://www.instagram.com/morozumi_ladies_clinic/ / オンライン診療｜オンライン診療における特定商取引法に基づく表記 オンライン診療における特定商取引法に基づく表記 → https://www.morozumi-lc.com:443/legal,かなりアツい,電話番号一致 / 医院名がページ見出しに一致 / 院長名一致,[],,
622,医療法人社団　ＢＯＨ　細野クリニック,東京都,2014-11-01,https://www.hosono-clinic.com/,https://www.hosono-clinic.com/,SUCCESS,VERIFIED,A,13,皮膚科,細野　周作,,,,UNKNOWN,厚生局指定年月日 2014-11-01 を確認（年齢は直接算出不可）,3,HP制作会社の制作実績 / YouTube公式運用 / Instagram公式運用,HP制作会社の制作実績｜produced by FARO Copyright © 細野クリニック All rights reserved. 東京都中央区京橋1-6-11 カンケン京橋ビル2F TEL 03-3563-0577 produced by FARO → http://www.faro-co.jp / YouTube公式運用｜https://www.youtube.com/channel/UCVUThJKFJfkFLkxkJa91NKg / Instagram公式運用｜https://www.instagram.com/dr.hosono/,かなりアツい,電話番号一致 / 医院名がページ見出しに一致 / 院長名一致,[],,
629,医療法人社団　健元会　東京デイサージェリークリニック,東京都,2015-04-01,http://tokyo-dsc.jp/,https://tokyo-dsc.jp/,SUCCESS,VERIFIED,A,14,内視鏡,栁　健,,,,UNKNOWN,厚生局指定年月日 2015-04-01 を確認（年齢は直接算出不可）,3,Doctors File掲載 / オンライン診療 / 治療専門サイト,Doctors File掲載｜クリニック・ドクターについての情報はこちら → http://doctorsfile.jp/h/41156/df/1/ / オンライン診療｜オンライン診療「クリニクス」 → https://clinics.medley.life/clinics/60ffc8e849a05e310d09abde / 治療専門サイト｜https://www.tokyo-dsc.com,かなりアツい,電話番号一致 / 医院名がページ見出しに一致,[],,
634,医療法人社団　東京聖蹟会　東京国際クリニック,東京都,2015-07-01,https://www.period.tokyo/,https://www.period.tokyo/,SUCCESS,VERIFIED,B,9,,清水　智幸,,,,UNKNOWN,厚生局指定年月日 2015-07-01 を確認（年齢は直接算出不可）,2,Doctors File掲載 / Instagram公式運用,Doctors File掲載｜インタビュー記事 『ドクターズ・ファイル』 ドクターズ・ファイル ドクターズ・ファイル インタビュー記事 『ドクターズ・ファイル』 → https://doctorsfile.jp/h/177730/df/1/ / Instagram公式運用｜https://www.instagram.com/tic_dental/,アツい,電話番号一致 / 医院名がページ見出しに一致 / 院長名一致,[],,
635,いしいクリニック築地,東京都,2015-09-01,http://ishii-skin.jp/,https://ishii-skin.jp/,SUCCESS,VERIFIED,A,14,糖尿病 / 皮膚科,石井　康多,,,,UNKNOWN,厚生局指定年月日 2015-09-01 を確認（年齢は直接算出不可）,2,Instagram公式運用 / LINE公式運用,Instagram公式運用｜https://www.instagram.com/ishii_skin?igsh=OGQ5ZDc2ODk2ZA%3D%3D&utm_source=qr / LINE公式運用｜https://lin.ee/pRedN6S,アツい,電話番号一致 / 医院名がページ見出しに一致,[],,
638,アレジオ銀座クリニック,東京都,2015-09-01,https://www.ginza-clinic.com/,https://www.ginza-clinic.com/,SUCCESS,VERIFIED,B,11,,呉　孟達,,,,UNKNOWN,厚生局指定年月日 2015-09-01 を確認（年齢は直接算出不可）,2,Instagram公式運用 / 治療専門サイト,Instagram公式運用｜https://www.instagram.com/allego_ginza_clinic/ / 治療専門サイト｜http://www.ginza-clinic.net/case/index.html,アツい,電話番号一致 / 医院名がページ見出しに一致,[],,
639,医療法人社団　実直会　冨田実アイクリニック銀座,東京都,2015-10-01,https://www.tomita-ginza.com/,https://www.tomita-ginza.com/,SUCCESS,VERIFIED,A,14,白内障 / 緑内障 / ICL / 糖尿病,冨田　実,1991,,31.2%,MODEL_ESTIMATE,https://www.tomita-ginza.com/profile/greeting/,5,Doctors File掲載 / 地域ドクターズ掲載 / YouTube公式運用 / Instagram公式運用 / LINE公式運用,Doctors File掲載｜ → https://doctorsfile.jp/h/40814/df/1/ / 地域ドクターズ掲載｜ → https://tokyo-doctors.com/clinicList/799/interview/ / YouTube公式運用｜https://www.youtube.com/@tomita-ginza / Instagram公式運用｜https://www.instagram.com/tomitaginza/ / LINE公式運用｜https://lin.ee/tDnmHMp,かなりアツい,電話番号一致 / 医院名がページ見出しに一致 / 院長名一致,[],,
640,東京銀座スキンケアクリニック,東京都,2015-10-01,http://tokyo-ginzaskin.com/,https://tokyo-ginzaskin.com/,SUCCESS,VERIFIED,B,10,皮膚科,三浦　麻由佳,,,,UNKNOWN,厚生局指定年月日 2015-10-01 を確認（年齢は直接算出不可）,2,LINE公式運用 / オンライン診療,LINE公式運用｜https://lin.ee/fxkS4x3 / オンライン診療｜お薬をご希望の方はオンライン診療もうけたまわります。 → https://tokyo-ginzaskin.com/login/inquiryedit,アツい,電話番号一致 / 医院名がページ見出しに一致 / 院長名一致,"[{""reason"": ""HTTP 404。手動で確認してください。"", ""url"": ""https://tokyo-ginzaskin.com/original9.html""}]",,
645,銀座泰江内科クリニック,東京都,2015-11-01,http://www.ginza-ys-clinic.com/,https://www.ginza-ys-clinic.com/,SUCCESS,VERIFIED,B,11,糖尿病 / 循環器内科,泰江　慎太郎,,,,UNKNOWN,厚生局指定年月日 2015-11-01 を確認（年齢は直接算出不可）,2,Doctors File掲載 / Instagram公式運用,Doctors File掲載｜ → https://doctorsfile.jp/h/36586/df/1/ / Instagram公式運用｜https://www.instagram.com/ginza_yasue_clinic/,アツい,電話番号一致 / 医院名がページ見出しに一致,[],,
651,銀座レンガ通りクリニック,東京都,2016-06-01,https://ginza-rengadori.com/,https://ginza-rengadori.com/,SUCCESS,VERIFIED,A,13,糖尿病,臼井　幸治,,,,UNKNOWN,厚生局指定年月日 2016-06-01 を確認（年齢は直接算出不可）,2,マイナビ記事掲載 / YouTube公式運用,マイナビ記事掲載｜東京都の自律神経失調症治療におすすめのクリニック10選｜症状も解説【2025年最新】 東京都の自律神経失調症治療におすすめのクリニック10選｜症状も解説【2025年最新】 → https://clinic.mynavi.jp/article/tokyo_autonomic-nerves/ / YouTube公式運用｜https://www.youtube.com/channel/UCLHXzVtKcJQxMYAw7Zwi5wQ,アツい,電話番号一致 / 医院名がページ見出しに一致,[],,
652,医療法人社団　楠原ウィメンズクリニック,東京都,2016-04-01,https://www.kusuhara-womens.jp/,https://www.kusuhara-womens.jp/,SUCCESS,VERIFIED,B,8,,大野　淳子,,,,UNKNOWN,厚生局指定年月日 2016-04-01 を確認（年齢は直接算出不可）,2,Instagram公式運用 / オンライン診療,Instagram公式運用｜https://www.instagram.com/kusuhara_womens_clinic/ / オンライン診療｜オンライン診療 オンライン診療 → https://www.kusuhara-womens.jp/online/,アツい,電話番号一致 / 医院名がページ見出しに一致,[],,
662,八重洲形成外科・美容皮膚科,東京都,2017-02-22,https://yaesukeisei.com/,https://yaesukeisei.com/,SUCCESS,VERIFIED,A,12,皮膚科,,,,,UNKNOWN,厚生局指定年月日 2017-02-22 を確認（年齢は直接算出不可）,4,TikTok公式運用 / Instagram公式運用 / LINE公式運用 / オンライン診療,TikTok公式運用｜https://www.tiktok.com/@yaesukeisei_?_t=ZS-90N05BrrY8G&_r=1 / Instagram公式運用｜https://www.instagram.com/yaesukeisei?igsh=YjU5dXVhdGtnbzNp&utm_source=qr / LINE公式運用｜https://lin.ee/uQzcS7r / オンライン診療｜オンライン診療 オンライン診療 → https://yaesukeisei.com/menu/telemedicine/,かなりアツい,電話番号一致 / 医院名がページ見出しに一致,[],,
666,人形町耳鼻咽喉科めまいクリニック,東京都,2017-06-01,http://www.ningyocho-ent.com/,https://www.ningyocho-ent.com/,SUCCESS,VERIFIED,B,8,,岩崎　朱見,,,,UNKNOWN,厚生局指定年月日 2017-06-01 を確認（年齢は直接算出不可）,4,Medical DOC掲載 / Instagram公式運用 / LINE公式運用 / オンライン診療,Medical DOC掲載｜ → https://medicaldoc.jp/clinic/2001071904/review-2001071904/ / Instagram公式運用｜http://www.instagram.com/ningyocho_memai?igsh=NHRheXNbnNubDA5&utm_source=qr / LINE公式運用｜https://lin.ee/xyq8hmb / オンライン診療｜オンライン診療 『 オンライン診療 』 → https://www.ningyocho-ent.com/onlineguide,かなりアツい,電話番号一致 / 医院名がページ見出しに一致 / 院長名一致,"[{""reason"": ""robots.txtで取得が許可されていません。"", ""url"": ""https://www.ningyocho-ent.com/library/582eb1c8624fa81a4ae309c8/66fad2b67b3a930a826bcec3.docx""}, {""reason"": ""robots.txtで取得が許可されていません。"", ""url"": ""https://www.ningyocho-ent.com/library/582eb1c8624fa81a4ae309c8/696e5738e4dcb60c0924f932.docx""}]",,
671,銀座こうのとりレディースクリニック,東京都,2017-09-01,http://www.ginzakounotori.com/,https://ginzakounotori.com/,SUCCESS,VERIFIED,B,10,,嶋田　秀仁,,,,UNKNOWN,厚生局指定年月日 2017-09-01 を確認（年齢は直接算出不可）,2,Doctors File掲載 / Instagram公式運用,Doctors File掲載｜ドクターズ・ファイル → https://doctorsfile.jp/h/185054/df/1/ / Instagram公式運用｜https://www.instagram.com/ginzakounotoristaffinsta/,アツい,電話番号一致 / 医院名がページ見出しに一致,[],,
675,リバーシティすずき整形外科,東京都,2017-10-02,http://suzuki-seikei.tokyo/,https://suzuki-seikei.tokyo/,SUCCESS,VERIFIED,B,9,,鈴木　秀彦,1993,,82.8%,MODEL_ESTIMATE,https://suzuki-seikei.tokyo/doctor.html,4,Doctors File掲載 / 地域ドクターズ掲載 / Instagram公式運用 / オンライン診療,Doctors File掲載｜スポーツ整形外科 診療案内 一般整形外科 スポーツ整形外科 小児整形外科 リハビリテーション科 リウマチ科 PRP・APS療法 SC-CM療法 体外衝撃波治療 → https://doctorsfile.jp/h/174400/mt/1/ / 地域ドクターズ掲載｜中央区ドクターズ → https://tokyo-doctors.com/clinicList/42726/interview/ / Instagram公式運用｜https://www.instagram.com/suzuki.seikei.tokyo/?igshid=YmMyMTA2M2Y= / オンライン診療｜オンライン診療 詳細はこちら オンライン診療 オンライン診療 詳細はこちら → https://clinics-app.com/clinic/5be3ab128798b95c03bcb57a,かなりアツい,電話番号一致 / 医院名がページ見出しに一致,[],,
680,勝どき駅前耳鼻咽喉科・頭頸部甲状腺クリニック,東京都,2018-01-01,https://www.kachidoki-clinic.tokyo/,https://kachidoki-clinic.tokyo/,SUCCESS,VERIFIED,C,7,,林　智誠,2001,,99.3%,MODEL_ESTIMATE,https://kachidoki-clinic.tokyo/greeting/,2,LINE公式運用 / オンライン診療,LINE公式運用｜https://lin.ee/EAPq2ko / オンライン診療｜2026.7.24 オンライン診療再開いたします オンライン診療再開いたします 2026.7.24 オンライン診療再開いたします → https://kachidoki-clinic.tokyo/1221/,アツい,電話番号一致 / 医院名がページ見出しに一致,[],,
689,野本真由美クリニック銀座,東京都,2018-06-01,https://ginza-skinhealthcenter.com/,https://ginza-skinhealthcenter.com/,SUCCESS,VERIFIED,B,10,皮膚科,野本　真由美,,,,UNKNOWN,厚生局指定年月日 2018-06-01 を確認（年齢は直接算出不可）,2,Instagram公式運用 / オンライン診療,Instagram公式運用｜https://www.instagram.com/nomotomayumi_clinic.ginza/ / オンライン診療｜オンライン診療 オンライン診療 → https://app.curon.co/clinic/detail/QNhoOlDq-8mawwFdrRfmiaLczEZ0wCKXldkICTz5oLg,アツい,電話番号一致 / 医院名がページ見出しに一致 / 院長名一致,[],,
691,ラグラン銀座医院,東京都,2018-10-01,https://lagranginza.jp/,https://lagranginza.jp/,SUCCESS,VERIFIED,A,14,皮膚科,島内　香江,,,,UNKNOWN,厚生局指定年月日 2018-10-01 を確認（年齢は直接算出不可）,2,Instagram公式運用 / LINE公式運用,Instagram公式運用｜https://www.instagram.com/lagrandginzaiin/ / LINE公式運用｜https://line.me/R/ti/p/%40wuf4549g,アツい,電話番号一致 / 医院名がページ見出しに一致,[],,
697,フィーカ　レディースクリニック,東京都,2018-12-01,http://fika-lc.jp/,https://fika-lc.jp/,SUCCESS,VERIFIED,B,8,,佐野　麻利子,2002,,99.3%,MODEL_ESTIMATE,https://fika-lc.jp/concept.php,4,Doctors File掲載 / マイナビ記事掲載 / Instagram公式運用 / オンライン診療,Doctors File掲載｜クリニックドクターについての情報 → https://doctorsfile.jp/h/190683/df/1/ / マイナビ記事掲載｜クリニックドクターについての情報 → https://woman.mynavi.jp/kosodate/articles/19338 / Instagram公式運用｜https://www.instagram.com/clinic_fika/ / オンライン診療｜同意書 初診のオンライン診療の方はこの同意書を記載して、melmoアプリ内にアップロードしていただきますようお願いいたします。 同意書 閉じる → https://fika-lc.jp/pdf/douisyo.pdf,かなりアツい,電話番号一致 / 医院名がページ見出しに一致 / 院長名一致,[],,
698,八丁堀かず内科外科クリニック,東京都,2018-12-01,https://www.kazu-cl.com/,https://www.kazu-cl.com/,SUCCESS,VERIFIED,A,12,内視鏡 / 糖尿病,伊藤　一成,,,,UNKNOWN,厚生局指定年月日 2018-12-01 を確認（年齢は直接算出不可）,3,HP制作会社の制作実績 / 地域ドクターズ掲載 / オンライン診療,HP制作会社の制作実績｜DR.BRIDGE｜クリニックホームページ作成 クリニックホームページ制作 → https://www.dr-bridge.co.jp/ / 地域ドクターズ掲載｜中央区ドクターズ → https://tokyo-doctors.com/clinicList/58075/interview/ / オンライン診療｜オンライン診療のご案内 オンライン診療のご案内 → https://www.kazu-cl.com/news/#a1184,かなりアツい,電話番号一致 / 医院名がページ見出しに一致,[],,
700,ＥＡＳＥ女性のクリニック,東京都,2019-01-01,https://ease-clinic.jp/,https://ease-clinic.jp/,SUCCESS,VERIFIED,B,9,,丸山　真理子,,,,UNKNOWN,厚生局指定年月日 2019-01-01 を確認（年齢は直接算出不可）,2,Instagram公式運用 / オンライン診療,Instagram公式運用｜https://www.instagram.com/ease_clinic/ / オンライン診療｜オンライン診療 online consulation オンライン診療 オンライン診療 online consulation → https://ease-clinic.jp/online/,アツい,電話番号一致 / 医院名がページ見出しに一致,[],,
706,銀座リプロ外科,東京都,2019-03-28,https://ginzarepro.jp/,https://ginzarepro.jp/,SUCCESS,VERIFIED,A,13,ED / 泌尿器科,永尾　光一,1969,,0.0%,MODEL_ESTIMATE,https://ginzarepro.jp/lp/prosthesis/,5,YouTube公式運用 / TikTok公式運用 / Instagram公式運用 / オンライン診療 / 治療専用LP,YouTube公式運用｜https://www.youtube.com/@varicocele.nagaomethod / TikTok公式運用｜https://www.tiktok.com/@ginzarepro / Instagram公式運用｜https://www.instagram.com/ginzarepro/ / オンライン診療｜初診のご予約 初診のご予約 検診を希望される方は 専用フォームよりお申込みください 銀座リプロ外科では遠方に住んでいる方向けにオンライン診療を行っております。 精索静脈瘤手術に関する相談・セカンドオピニオンを受けたいけど、遠方のため来院が難しいという方はオンライン診療をご利用ください。 → https://ginzarepro.jp/contact/appointment-first/ / 治療専用LP｜医院名と電話/住所を確認,かなりアツい,電話番号一致 / 医院名がページ見出しに一致 / 院長名一致,[],,
718,ＣＬＩＮＩＣ　ＥＭＭＡ　ｔｈｅ　ｇｉｎｚａ,東京都,2019-10-01,http://emma-ginza.jp/,https://emma-ginza.jp/,SUCCESS,VERIFIED,B,8,,田宮　エリー,,,,UNKNOWN,厚生局指定年月日 2019-10-01 を確認（年齢は直接算出不可）,2,Medical DOC掲載 / Instagram公式運用,Medical DOC掲載｜ → https://medicaldoc.jp/m/recommend-m/ginza-st-beauty-dermatology/#mokuji-4 / Instagram公式運用｜https://www.instagram.com/clinic_emma_theginza/?r=nametag,アツい,電話番号一致 / 医院名がページ見出しに一致 / 院長名一致,"[{""reason"": ""HTTP 404。手動で確認してください。"", ""url"": ""https://emma-ginza.jp/medicaldietplan.html""}, {""reason"": ""HTTP 404。手動で確認してください。"", ""url"": ""https://emma-ginza.jp/climacteric.html""}]",,
729,銀座リハビリ整形外科,東京都,2019-12-01,https://ginzareha.com/,https://ginzareha.com/,SUCCESS,VERIFIED,A,13,皮膚科,横井　芳美,,,,UNKNOWN,厚生局指定年月日 2019-12-01 を確認（年齢は直接算出不可）,3,Doctors File掲載 / 地域ドクターズ掲載 / LINE公式運用,Doctors File掲載｜ドクターズファイル → https://doctorsfile.jp/h/193904/df/1/ / 地域ドクターズ掲載｜東京ドクターズ → https://tokyo-doctors.com/clinicList/59725/interview/ / LINE公式運用｜https://lin.ee/RRCZ7xC,かなりアツい,電話番号一致 / 医院名がページ見出しに一致 / 院長名一致,"[{""reason"": ""HTTP 404。手動で確認してください。"", ""url"": ""http://ginzareha.com/blog/%E3%82%A4%E3%83%B3%E3%83%95%E3%83%AB%E3%82%A8%E3%83%B3%E3%82%B6%E4%BA%88%E9%98%B2%E6%8E%A5%E7%A8%AE%E3%81%AB%E3%81%A4%E3%81%84%E3%81%A6/ ""}]",,
737,Ｏｒｉｇｉｎａｌ　Ｂｅａｕｔｙ　Ｃｌｉｎｉｃ　ＧＩＮＺＡ,東京都,2020-05-01,https://original-beauty-clinic.com/,https://original-beauty-clinic.com/,SUCCESS,VERIFIED,A,12,皮膚科,佐藤　玲史,,,,UNKNOWN,厚生局指定年月日 2020-05-01 を確認（年齢は直接算出不可）,3,地域ドクターズ掲載 / Instagram公式運用 / LINE公式運用,地域ドクターズ掲載｜東京ドクターズ → https://tokyo-doctors.com/clinicList/65402/interview/ / Instagram公式運用｜https://www.instagram.com/dr.sato_reiji/ / LINE公式運用｜https://line.me/R/ti/p/@290vfrsy,かなりアツい,電話番号一致 / 医院名がページ見出しに一致,[],,
741,ｍａｍｍａｒｉａ　ｔｓｕｋｉｊｉ,東京都,2020-04-01,https://mammaria.jp/,https://www.mammaria.jp/,SUCCESS,VERIFIED,B,11,,尹　玲花,2005,,99.8%,MODEL_ESTIMATE,https://www.mammaria.jp/staff/,5,Doctors File掲載 / HP制作会社の制作実績 / YouTube公式運用 / Instagram公式運用 / LINE公式運用,Doctors File掲載｜Doctors File → https://doctorsfile.jp/h/183425/df/1/ / HP制作会社の制作実績｜DR.BRIDGE｜クリニックホームページ作成 クリニックホームページ制作 → https://www.dr-bridge.co.jp/ / YouTube公式運用｜https://www.youtube.com/@cancer_exercise / Instagram公式運用｜https://instagram.com/mammaria_tsukijiofficial?igshid=tdzjmca6ib65 / LINE公式運用｜https://lin.ee/RLcCdXE,かなりアツい,電話番号一致 / 医院名がページ見出しに一致,"[{""reason"": ""HTTP 404。手動で確認してください。"", ""url"": ""https://www.mammaria.jp/online-guide.html""}]",,
763,Ｇクリニック,東京都,2021-03-01,https://gclinic.jp/,https://gclinic.jp/,SUCCESS,VERIFIED,A,12,ED / 皮膚科,三島　雅辰,1986,,0.0%,MODEL_ESTIMATE,https://gclinic.jp/contents/about.html,3,Instagram公式運用 / LINE公式運用 / オンライン診療,Instagram公式運用｜https://www.instagram.com/gclinic_ginza/ / LINE公式運用｜https://lin.ee/9I9qbB2 / オンライン診療｜オンライン診療 オンライン診療 → https://web.booking.clius.jp/reserve/gclinic.reserve?category=1729,かなりアツい,電話番号一致 / 医院名がページ見出しに一致,[],,
783,医療法人社団　心成会　東京心臓血管・内科クリニック,東京都,2021-10-01,https://shinzo-kekkan.clinic/,https://shinzo-kekkan.clinic/,SUCCESS,VERIFIED,A,13,糖尿病 / 循環器内科,柴山　謙太郎,,,,UNKNOWN,厚生局指定年月日 2021-10-01 を確認（年齢は直接算出不可）,2,地域ドクターズ掲載 / LINE公式運用,地域ドクターズ掲載｜東京ドクターズ → https://tokyo-doctors.com/clinicList/59165/interview/ / LINE公式運用｜https://lin.ee/YlJd1Yoz,アツい,電話番号一致 / 医院名がページ見出しに一致 / 院長名一致,"[{""reason"": ""HTTP 404。手動で確認してください。"", ""url"": ""https://shinzo-kekkan.clinic/postoperatively.html""}, {""reason"": ""HTTP 404。手動で確認してください。"", ""url"": ""https://shinzo-kekkan.clinic/catheter.html""}, {""reason"": ""HTTP 404。手動で確認してください。"", ""url"": ""https://shinzo-kekkan.clinic/lifestyle.html""}, {""reason"": ""HTTP 404。手動で確認してください。"", ""url"": ""https://shinzo-kekkan.clinic/diabetes.html""}, {""reason"": ""HTTP 404。手動で確認してください。"", ""url"": ""https://shinzo-kekkan.clinic/internal.html""}]",,
785,Ｌｕａ　Ｎａ　ｃｌｉｎｉｃ,東京都,2021-12-01,https://luana.clinic/,https://luana.clinic/,SUCCESS,VERIFIED,A,12,皮膚科,松村　奈津子,,,,UNKNOWN,厚生局指定年月日 2021-12-01 を確認（年齢は直接算出不可）,2,Instagram公式運用 / LINE公式運用,Instagram公式運用｜https://www.instagram.com/lua_na_cl/ / LINE公式運用｜https://lin.ee/L9CRANL,アツい,電話番号一致 / 医院名がページ見出しに一致 / 院長名一致,[],,
798,銀座スピンクリニック,東京都,2022-02-01,https://www.ginza-spin-clinic.com/,https://www.ginza-spin-clinic.com/,SUCCESS,VERIFIED,A,13,皮膚科,上　由己,,,,UNKNOWN,厚生局指定年月日 2022-02-01 を確認（年齢は直接算出不可）,2,Instagram公式運用 / オンライン診療,Instagram公式運用｜https://www.instagram.com/ginza_spin_clinic/ / オンライン診療｜オンライン診療予約（旅行外来） オンライン診療予約（旅行外来） → https://app.curon.co/add-clinic/clinics/KvxPgJV_fTuI_28CyxUTZ4uSS69M6Qq60qpPR7DV510,アツい,電話番号一致 / 医院名がページ見出しに一致 / 住所一致,[],,
799,銀座ヒカリクリニック,東京都,2022-01-01,https://ginza-hikari.jp/,https://www.ginza-hikari.jp/,SUCCESS,VERIFIED,A,14,ED / 泌尿器科,剣木　憲文,2011,,100.0%,MODEL_ESTIMATE,https://www.ginza-hikari.jp/ed_lp/,6,HP制作会社の制作実績 / YouTube公式運用 / TikTok公式運用 / Instagram公式運用 / LINE公式運用 / オンライン診療,HP制作会社の制作実績｜DR.BRIDGE｜クリニックホームページ作成 クリニックホームページ制作 → https://www.dr-bridge.co.jp/ / YouTube公式運用｜https://www.youtube.com/@seibyoudekka_tv / TikTok公式運用｜https://www.tiktok.com/@poipon_channel?lang=ja-JP / Instagram公式運用｜https://www.instagram.com/ginzahikariclinic/ / LINE公式運用｜https://lin.ee/VswZAgI / オンライン診療｜来院が難しい方 （オンライン診療） 来院が難しい方 （オンライン診療） → https://www.ginza-hikari.jp/about_result/#a025,かなりアツい,電話番号一致 / 医院名がページ見出しに一致 / 住所一致 / 院長名一致,[],,
801,韓国みにょんクリニック,東京都,2022-04-01,https://korea-m.clinic/,https://korea-m.clinic/,SUCCESS,VERIFIED,B,11,,宋　珉英,,2006,99.8%,MODEL_ESTIMATE,厚生局/取込済み医籍登録年,2,Instagram公式運用 / LINE公式運用,Instagram公式運用｜https://instagram.com/korea.m.clinic?utm_medium=copy_link / LINE公式運用｜https://lin.ee/EaNamtH,アツい,電話番号一致 / 医院名がページ見出しに一致,"[{""reason"": ""HTMLサイズが上限を超えました。"", ""url"": ""https://korea-m.clinic/slim-leg/""}]",,
806,はなももキッズクリニック東日本橋,東京都,2022-05-01,https://www.hanamomo-kids.com/,https://www.hanamomo-kids.com/,SUCCESS,VERIFIED,B,9,,古屋　彩夏,,,,UNKNOWN,厚生局指定年月日 2022-05-01 を確認（年齢は直接算出不可）,3,Doctors File掲載 / Instagram公式運用 / LINE公式運用,Doctors File掲載｜はなももキッズクリニック東日本橋 → https://doctorsfile.jp/h/202155/df/1/ / Instagram公式運用｜https://www.instagram.com/hanamomo_kids/ / LINE公式運用｜https://lin.ee/f4vNPjF,かなりアツい,電話番号一致 / 医院名がページ見出しに一致 / 住所一致 / 院長名一致,"[{""reason"": ""HTTP 429。手動で確認してください。"", ""url"": ""https://www.hanamomo-kids.com/greeting""}, {""reason"": ""アクセス制限があるため、このサイトの取得を停止しました。"", ""url"": ""https://www.hanamomo-kids.com/general""}, {""reason"": ""アクセス制限があるため、このサイトの取得を停止しました。"", ""url"": ""https://www.hanamomo-kids.com/skin""}, {""reason"": ""アクセス制限があるため、このサイトの取得を停止しました。"", ""url"": ""https://www.hanamomo-kids.com/allergy""}, {""reason"": ""アクセス制限があるため、このサイトの取得を停止しました。"", ""url"": ""https://www.hanamomo-kids.com/ent""}, {""reason"": ""アクセス制限があるため、このサイトの取得を停止しました。"", ""url"": ""https://www.hanamomo-kids.com/development""}, {""reason"": ""アクセス制限があるため、このサイトの取得を停止しました。"", ""url"": ""https://www.hanamomo-kids.com/infants""}, {""reason"": ""アクセス制限があるため、このサイトの取得を停止しました。"", ""url"": ""https://www.hanamomo-kids.com/icd""}, {""reason"": ""アクセス制限があるため、このサイトの取得を停止しました。"", ""url"": ""https://www.hanamomo-kids.com/facility""}, {""reason"": ""アクセス制限があるため、このサイトの取得を停止しました。"", ""url"": ""https://www.hanamomo-kids.com/post/2026年度インフルエンザワクチンについて""}, {""reason"": ""アクセス制限があるため、このサイトの取得を停止しました。"", ""url"": ""https://www.hanamomo-kids.com/post/hpv（ヒトパピローマウイルス）ワクチンを接種しましょう""}, {""reason"": ""アクセス制限があるため、このサイトの取得を停止しました。"", ""url"": ""https://www.hanamomo-kids.com/post/お知らせを更新しました！""}, {""reason"": ""アクセス制限があるため、このサイトの取得を停止しました。"", ""url"": ""https://www.hanamomo-kids.com/post/マイナンバーカードでの「オンライン資格確認」を開始いたします""}, {""reason"": ""アクセス制限があるため、このサイトの取得を停止しました。"", ""url"": ""https://www.hanamomo-kids.com/post/開院1周年のご挨拶""}, {""reason"": ""アクセス制限があるため、このサイトの取得を停止しました。"", ""url"": ""https://www.hanamomo-kids.com/news""}]",,
807,勝どきウィメンズクリニック,東京都,2022-04-01,http://www.kachidoki-women.com/,https://www.kachidoki-women.com/,SUCCESS,VERIFIED,B,9,,松葉　悠子,,,,UNKNOWN,厚生局指定年月日 2022-04-01 を確認（年齢は直接算出不可）,5,Doctors File掲載 / マイナビ記事掲載 / HP制作会社の制作実績 / 地域ドクターズ掲載 / オンライン診療,Doctors File掲載｜Doctors File → https://doctorsfile.jp/h/186267/df/1/ / マイナビ記事掲載｜マイナビ → https://clinic.mynavi.jp/clinic/ihfexz0n3jbo/ / HP制作会社の制作実績｜DR.BRIDGE｜クリニックホームページ制作 クリニックホームページ制作 → https://www.dr-bridge.co.jp/ / 地域ドクターズ掲載｜中央区ドクターズ → https://tokyo-doctors.com/clinicList/42753/interview/ / オンライン診療｜オンライン診療「クリニクス」 → https://clinics-app.com/,かなりアツい,電話番号一致 / 医院名がページ見出しに一致,[],,
808,医療法人社団　双葵会　八丁堀さとうクリニック,東京都,2022-05-01,https://hatchobori-sato.clinic/,https://hatchobori-sato.clinic/,SUCCESS,VERIFIED,C,7,,佐藤　雄,2004,,99.8%,MODEL_ESTIMATE,https://hatchobori-sato.clinic/%e3%81%94%e6%8c%a8%e6%8b%b6,3,Doctors File掲載 / マイナビ記事掲載 / 地域ドクターズ掲載,Doctors File掲載｜ → https://doctorsfile.jp/h/195677/df/1/ / マイナビ記事掲載｜詳細はこちら 詳細はこちら → https://clinic.mynavi.jp/article/chuoku_gynecology/ / 地域ドクターズ掲載｜東京ドクターズバナー → https://tokyo-doctors.com/clinicList/65538/interview/,かなりアツい,電話番号一致 / 医院名がページ見出しに一致,[],,
823,メディカルクリニック　銀座,東京都,2022-09-01,https://www.medical-clinic-ginza.com/,https://www.medical-clinic-ginza.com/,SUCCESS,VERIFIED,C,7,,川平　悟,1986,,0.0%,MODEL_ESTIMATE,https://www.medical-clinic-ginza.com/doctor,2,AIチャット導入 / オンライン診療,AIチャット導入｜AIの明記とウィジェットを確認 / オンライン診療｜オンライン診療 オンライン診療 → https://www.medical-clinic-ginza.com/online,アツい,電話番号一致 / 医院名がページ見出しに一致,[],,
829,こころとからだのケアクリニック人形町,東京都,2022-11-01,https://www.kokokara-care.com/,https://www.kokokara-care.com/,SUCCESS,VERIFIED,B,10,,益子　雅笛,,,,UNKNOWN,厚生局指定年月日 2022-11-01 を確認（年齢は直接算出不可）,2,HP制作会社の制作実績 / Instagram公式運用,HP制作会社の制作実績｜DR.BRIDGE｜クリニックホームページ制作 → https://www.dr-bridge.co.jp/ / Instagram公式運用｜https://instagram.com/kokokara.careclinic?igshid=YmMyMTA2M2Y=,アツい,電話番号一致 / 医院名がページ見出しに一致,[],,
830,八丁堀３丁目クリニック,東京都,2022-10-01,https://www.8cho3cho-cl.com/,https://www.8cho3cho-cl.com/,SUCCESS,VERIFIED,A,14,糖尿病,石田　和也,2016,,100.0%,MODEL_ESTIMATE,https://www.8cho3cho-cl.com/doctors,4,Doctors File掲載 / 地域ドクターズ掲載 / LINE公式運用 / オンライン診療,Doctors File掲載｜Doctors File インタビュー Doctors File インタビュー → https://doctorsfile.jp/h/40518/df/1/ / 地域ドクターズ掲載｜Tokyo Doctors インタビュー Tokyo Doctors インタビュー → https://tokyo-doctors.com/clinicList/42755/interview/ / LINE公式運用｜https://lin.ee/VOvwUNh / オンライン診療｜八丁堀3丁目クリニック 内科 小児科 糖尿病内科 八丁堀3丁目クリニック 八丁堀3丁目クリニック 内科 小児科 糖尿病内科 医師紹介 診療科目 ▶ 診療科目総合 標榜科・対応疾患の概要 疾患一覧 疾患別の詳細解説 症状から探す 症状から関連疾患を探す はじめての方へ ▶ ご来院の流れ総合 持ち物・予約方法・初診の流れ  → https://www.8cho3cho-cl.com/,かなりアツい,電話番号一致 / 医院名がページ見出しに一致 / 院長名一致,[],,
850,東銀座皮ふ科,東京都,2023-06-01,https://tsc.clinic/,https://tsc.clinic/,SUCCESS,VERIFIED,A,13,皮膚科,中野　敏明,,,,UNKNOWN,厚生局指定年月日 2023-06-01 を確認（年齢は直接算出不可）,2,Instagram公式運用 / オンライン診療,Instagram公式運用｜https://www.instagram.com/tscc.ginza/ / オンライン診療｜オンライン診療 オンライン診療 → https://tsc.clinic/online.html,アツい,電話番号一致 / 医院名がページ見出しに一致 / 院長名一致,[],,
886,東京晴海胃と大腸の消化器内視鏡・内科クリニック中央区院,東京都,2024-04-01,https://www.harumiflag-naishikyo.com/,https://www.harumiflag-naishikyo.com/,SUCCESS,VERIFIED,A,14,内視鏡,新井　典岳,,,,UNKNOWN,厚生局指定年月日 2024-04-01 を確認（年齢は直接算出不可）,7,Doctors File掲載 / HP制作会社の制作実績 / 地域ドクターズ掲載 / YouTube公式運用 / LINE公式運用 / オンライン診療 / 漫画コンテンツ,Doctors File掲載｜ドクターズファイル → https://doctorsfile.jp/h/216224/df/1/ / HP制作会社の制作実績｜DR.BRIDGE｜クリニックホームページ作成 クリニックホームページ制作 → https://www.dr-bridge.co.jp/ / 地域ドクターズ掲載｜東京晴海-胃と大腸の消化器内視鏡・内科クリニック-中央区院様インタビュー → https://tokyo-doctors.com/clinicList/97136/interview/ / YouTube公式運用｜https://youtube.com/@musashi-kosugi-naishikyou?si=7e9EsSGndXMd2e3V / LINE公式運用｜https://lin.ee/PDb0Seu / オンライン診療｜クロン オンライン診療予約 晴海フラッグ胃と大腸の消化器内科内視鏡クリニック → https://app.curon.co/clinic/detail/3HYH1iRpMVZ4RagQ2t7hRIpIMeIIF2M3xNz_ygdldmY / 漫画コンテンツ｜https://www.harumiflag-naishikyo.com/cc,かなりアツい,電話番号一致 / 医院名がページ見出しに一致,[],,
887,医療法人社団　晴月会　晴海耳鼻咽喉科,東京都,2024-04-01,https://www.harumi-ent.com/,https://www.harumi-ent.com/,SUCCESS,VERIFIED,C,6,,馬場　美雪,,,,REVIEW,UNKNOWN,3,HP制作会社の制作実績 / 地域ドクターズ掲載 / LINE公式運用,HP制作会社の制作実績｜DR.BRIDGE｜クリニックホームページ制作 クリニックホームページ制作 → https://www.dr-bridge.co.jp/ / 地域ドクターズ掲載｜東京ドクターズ → https://tokyo-doctors.com/clinicList/111857/interview/ / LINE公式運用｜https://lin.ee/Ykb9CBh,かなりアツい,電話番号一致 / 医院名がページ見出しに一致,[],,
891,日本橋人形町消化器・内視鏡クリニック,東京都,2024-07-01,https://ningyocho-naishikyo.jp/,https://ningyocho-naishikyo.jp/,SUCCESS,VERIFIED,A,16,内視鏡,石岡　充彬,2011,,100.0%,MODEL_ESTIMATE,https://ningyocho-naishikyo.jp/doctor/,6,Doctors File掲載 / Medical DOC掲載 / YouTube公式運用 / Instagram公式運用 / LINE公式運用 / 治療専門サイト,Doctors File掲載｜ → https://doctorsfile.jp/h/217535/hr/1/ / Medical DOC掲載｜ → https://medicaldoc.jp/doctor/9749/ / YouTube公式運用｜https://www.youtube.com/@ningyocho-naishikyo/videos / Instagram公式運用｜https://www.instagram.com/ningyocho_naishikyo/ / LINE公式運用｜https://line.me/R/ti/p/@364kjctw?oat_content=url&ts=06011122 / 治療専門サイト｜https://www.ningyocho-naishikyo.jp/lp_colonoscopy/,かなりアツい,電話番号一致 / 医院名がページ見出しに一致 / 院長名一致,[],,
897,こころの診療所　築地・新富町,東京都,2024-05-01,https://kokoromental-clinic.com/,https://kokoromental-clinic.com/,SUCCESS,VERIFIED,B,10,,稲村　圭亮,,,,UNKNOWN,厚生局指定年月日 2024-05-01 を確認（年齢は直接算出不可）,4,Doctors File掲載 / Medical DOC掲載 / Instagram公式運用 / オンライン診療,Doctors File掲載｜ → https://doctorsfile.jp/h/217370/df/1/ / Medical DOC掲載｜こちら 【自律神経失調症と更年期障害の関係】 Medical DOCに稲村院長が執筆された記事が公開されました。 こちら → https://medicaldoc.jp/m/cm-medical/autonomic-nervous-disorder-menopausal-disorder/ / Instagram公式運用｜https://www.instagram.com/kokoromental/ / オンライン診療｜カウンセリングはこちら › カウンセリングはこちら › オンライン診療はこちら › → https://kokoromental-clinic.com/guidance/counseling/,かなりアツい,電話番号一致 / 医院名がページ見出しに一致 / 住所一致 / 院長名一致,[],,
901,水天宮前小児科,東京都,2024-05-01,https://www.suiten-shouni.com/,https://suiten-shouni.com/,SUCCESS,VERIFIED,B,10,,水上　愛弓,,,,UNKNOWN,厚生局指定年月日 2024-05-01 を確認（年齢は直接算出不可）,2,LINE公式運用 / オンライン診療,LINE公式運用｜https://lin.ee/nGOWFga / オンライン診療｜オンライン診療 オンライン診療 → https://suiten-shouni.com/?page_id=101382&preview=true,アツい,電話番号一致 / 医院名がページ見出しに一致,[],,
907,医療法人社団　翔和仁誠会　メトロポリタンＥＮＴサージクリニック東京,東京都,2024-07-01,https://met-ent-tokyo.com/,https://met-ent-tokyo.com/,SUCCESS,VERIFIED,B,8,,東家　完,2005,,99.8%,MODEL_ESTIMATE,https://met-ent-tokyo.com/doctors/,3,YouTube公式運用 / TikTok公式運用 / オンライン診療,YouTube公式運用｜https://www.youtube.com/@MetroENTSurgiTokyo / TikTok公式運用｜https://www.tiktok.com/@themetroenttokyo / オンライン診療｜メトロポリタンENTサージクリニック東京 翔和仁誠会 アクセス English 03-6910-8187 診療予約 ホーム 当院について 診療内容 診療内容 音声外来 音声リハビリ 声の症状で調べる 鼻アレルギー・蓄膿外来 オンライン診療 手術案内 手術案内 手術の流れ 声（喉）の手術 鼻の手術 手術費用 高額療養費制 → https://met-ent-tokyo.com/,かなりアツい,電話番号一致 / 医院名がページ見出しに一致,[],,
913,日本橋人形町整形外科,東京都,2024-10-01,https://nn-ortho.jp/,https://nn-ortho.jp/,SUCCESS,VERIFIED,C,7,,末永　七彩,,,,UNKNOWN,厚生局指定年月日 2024-10-01 を確認（年齢は直接算出不可）,2,Doctors File掲載 / Instagram公式運用,Doctors File掲載｜Doctors File → https://doctorsfile.jp/h/219314/df/1/ / Instagram公式運用｜https://www.instagram.com/nn.orthopedicclinic/,アツい,電話番号一致 / 医院名がページ見出しに一致 / 院長名一致,[],,
916,銀座内科,東京都,2024-10-01,https://ginza-naika.com/,https://ginza-naika.com/,SUCCESS,VERIFIED,B,10,糖尿病 / ED,會田　梓,,,,UNKNOWN,厚生局指定年月日 2024-10-01 を確認（年齢は直接算出不可）,3,マイナビ記事掲載 / Instagram公式運用 / オンライン診療,マイナビ記事掲載｜2017年「マイナビ」 2017年「マイナビ」 → https://woman.mynavi.jp/profile/170421-5/ / Instagram公式運用｜https://www.instagram.com/ginza_medical_clinic/?igsh=MXEzZ3VsNW1tcWdzeg%3D%3D&utm_source=qr / オンライン診療｜ご来院の方へ ご来院の方へ 初めての方へ 診療について 宅薬便について アクセス情報 診療時間 デジスマ診療について デジスマアプリでの受診の流れ デジスマアプリ以外での受診の流れ オンライン診療 料金について → javascript:void(0);,かなりアツい,電話番号一致 / 医院名がページ見出しに一致 / 住所一致,[],,
924,人形町しずか皮ふ科,東京都,2024-11-01,https://shizuka-hifuka.com/,https://shizuka-hifuka.com/,SUCCESS,VERIFIED,A,12,皮膚科,岡﨑　静,,,,UNKNOWN,厚生局指定年月日 2024-11-01 を確認（年齢は直接算出不可）,2,Instagram公式運用 / LINE公式運用,Instagram公式運用｜https://www.instagram.com/ningyocho_shizuka_hifuka/ / LINE公式運用｜https://lin.ee/ODpMCFL,アツい,電話番号一致 / 医院名がページ見出しに一致 / 院長名一致,"[{""reason"": ""HTTP 503。手動で確認してください。"", ""url"": ""https://shizuka-hifuka.com/doctor/""}, {""reason"": ""HTTP 503。手動で確認してください。"", ""url"": ""https://shizuka-hifuka.com/clinic/""}, {""reason"": ""HTTP 503。手動で確認してください。"", ""url"": ""https://shizuka-hifuka.com/medical/""}, {""reason"": ""HTTP 503。手動で確認してください。"", ""url"": ""https://shizuka-hifuka.com/menu/medical01/""}]",,
928,かとう前立腺クリニック東京,東京都,2024-12-01,https://kato-tokyo.com/,https://kato-tokyo.com/,SUCCESS,VERIFIED,A,13,ED / 男性更年期 / 泌尿器科,加藤　忍,1991,,31.2%,MODEL_ESTIMATE,https://kato-tokyo.com/clinic/,3,Doctors File掲載 / 地域ドクターズ掲載 / Instagram公式運用,Doctors File掲載｜ → https://doctorsfile.jp/h/219647/df/1/ / 地域ドクターズ掲載｜ → https://tokyo-doctors.com/clinicList/113057/interview/ / Instagram公式運用｜https://www.instagram.com/kato_urological_clinic/,かなりアツい,電話番号一致 / 医院名がページ見出しに一致 / 院長名一致,[],,
932,０ｔｈ　ＣＬＩＮＩＣ,東京都,2024-12-01,https://0thclinic.com/,https://0thclinic.com/,SUCCESS,VERIFIED,A,14,糖尿病 / 泌尿器科 / 循環器内科 / 皮膚科,黒田　揮志夫,,,,UNKNOWN,厚生局指定年月日 2024-12-01 を確認（年齢は直接算出不可）,2,Instagram公式運用 / LINE公式運用,Instagram公式運用｜https://www.instagram.com/0thclinic_/ / LINE公式運用｜https://line.me/R/ti/p/@514rnjla?oat_content=url&ts=06251308,アツい,電話番号一致 / 医院名がページ見出しに一致 / 院長名一致,"[{""reason"": ""HTTP 404。手動で確認してください。"", ""url"": ""https://0thclinic.com/medical/gastroenterology""}]",,
935,８８内科クリニック,東京都,2025-04-01,https://88cl.jp/,https://88cl.jp/,SUCCESS,VERIFIED,A,12,糖尿病,加藤　勇人,2015,,100.0%,MODEL_ESTIMATE,https://88cl.jp/doctor/,2,Medical DOC掲載 / オンライン診療,Medical DOC掲載｜東京都中央区でおすすめの糖尿病内科として紹介されました → https://medicaldoc.jp/m/recommend-m/tokyo-chuo-ct-diabetes-internal-medicine/ / オンライン診療｜03-5695-8288 電話 03-5695-8288 03-5695-8288 WEB予約 オンライン診療 → tel:0356958288,アツい,電話番号一致 / 医院名がページ見出しに一致 / 住所一致 / 院長名一致,[],,
968,ＢＩＪＯＵ　ＣＬＩＮＩＣ,東京都,2025-07-01,https://bijou-clinic.com/,https://bijou-clinic.com/,SUCCESS,VERIFIED,A,14,皮膚科,宮﨑　塁,,,,UNKNOWN,厚生局指定年月日 2025-07-01 を確認（年齢は直接算出不可）,4,YouTube公式運用 / Instagram公式運用 / LINE公式運用 / 治療専用LP,YouTube公式運用｜https://www.youtube.com/channel/UCBVrKKJOhch0iTtmEsA5DSQ / Instagram公式運用｜https://www.instagram.com/bijouclinic_ginza/ / LINE公式運用｜https://line.me/R/ti/p/@135uttmr?oat_content=url&ts=07081346 / 治療専用LP｜医院名と電話/住所を確認,かなりアツい,電話番号一致 / 医院名がページ見出しに一致 / 住所一致 / 院長名一致,[],,
990,東京日本橋　早期肺がん日帰り手術クリニック,東京都,2026-01-01,https://tokyo-haigan.net/,https://tokyo-haigan.net/,SUCCESS,VERIFIED,B,10,,淺越　佑太郎,,,,UNKNOWN,厚生局指定年月日 2026-01-01 を確認（年齢は直接算出不可）,2,Doctors File掲載 / LINE公式運用,Doctors File掲載｜東京日本橋 早期肺がん日帰り手術クリニック_ドクターズファイル → https://doctorsfile.jp/h/223838/df/1/ / LINE公式運用｜https://lin.ee/VMoSKd4,アツい,電話番号一致 / 医院名がページ見出しに一致,[],,
994,東京八重洲まもりび消化器内科・内視鏡クリニック　日本橋院,東京都,2026-05-01,https://www.mamoribi-clinic.com/,https://www.mamoribi-clinic.com/,SUCCESS,VERIFIED,A,12,内視鏡 / 糖尿病,松岡　愛菜,,,,UNKNOWN,厚生局指定年月日 2026-05-01 を確認（年齢は直接算出不可）,4,Doctors File掲載 / HP制作会社の制作実績 / 地域ドクターズ掲載 / オンライン診療,Doctors File掲載｜ドクターズファイル → https://doctorsfile.jp/h/228304/mt/1/ / HP制作会社の制作実績｜DR.BRIDGE｜クリニックホームページ制作 クリニックホームページ制作 → https://www.dr-bridge.co.jp/ / 地域ドクターズ掲載｜東京ドクターズ → https://tokyo-doctors.com/clinicList/117116/interview / オンライン診療｜来院に頼らない診療 （オンライン診療） 来院に頼らない診療 （オンライン診療） → https://melmo-app.com/clinic/6929c8a58503e47d1649c6a3/reservation?method=online,かなりアツい,電話番号一致 / 医院名がページ見出しに一致 / 院長名一致,[],,
1001,医療法人清和会　ＨＭレディースクリニック銀座,東京都,2026-01-30,https://hm-ladies.com/,https://hm-ladies.com/,SUCCESS,VERIFIED,B,8,,升田　博隆,1997,,98.2%,MODEL_ESTIMATE,https://hm-ladies.com/staff.html,3,Instagram公式運用 / LINE公式運用 / オンライン診療,Instagram公式運用｜https://www.instagram.com/hm_ladies_clinic_ginza/?hl=ja / LINE公式運用｜https://lin.ee/Rit229z / オンライン診療｜オンライン診療 オンライン診療 → https://hm-ladies.com/online.html,かなりアツい,電話番号一致 / 医院名がページ見出しに一致 / 住所一致 / 院長名一致,[],,
1018,銀座ＭＩＴＡクリニック,東京都,2026-05-01,https://ginza-mita.com/,https://ginza-mita.com/,SUCCESS,VERIFIED,A,12,ED / 皮膚科,三田　麻津子,,,,UNKNOWN,厚生局指定年月日 2026-05-01 を確認（年齢は直接算出不可）,2,TikTok公式運用 / Instagram公式運用,TikTok公式運用｜https://www.tiktok.com/@femtech_ginzamita / Instagram公式運用｜https://www.instagram.com/femtech_ginzamita/,アツい,電話番号一致 / 医院名がページ見出しに一致 / 院長名一致,[],,
1020,築地駅前内科・婦人科クリニック,東京都,2026-08-01,https://tsukiji-ekimae-clinic.com/,https://tsukiji-ekimae-clinic.com/,SUCCESS,VERIFIED,A,14,糖尿病,吉田　舞子,,,,UNKNOWN,厚生局指定年月日 2026-08-01 を確認（年齢は直接算出不可）,4,HP制作会社の制作実績 / 地域ドクターズ掲載 / Instagram公式運用 / LINE公式運用,HP制作会社の制作実績｜produced by FARO ©︎築地駅前内科・婦人科クリニック All rights reserved. produced by FARO → https://www.faro-co.jp/ / 地域ドクターズ掲載｜東京ドクターズ 連携医療機関 順天堂大学医学部附属順天堂医院 順天堂大学医学部附属浦安病院 聖路加国際病院 昭和医科大学江東豊洲病院 愛育病院 山王病院 など全国多数 厚生労働大臣が定める掲示事項 詳細はこちら → https://tokyo-doctors.com/clinicList/117173/interview / Instagram公式運用｜https://www.instagram.com/tsukiji_ekimae_clinic / LINE公式運用｜https://lin.ee/sB6YRK2,かなりアツい,電話番号一致 / 医院名がページ見出しに一致 / 院長名一致,[],,
1025,東京形成外科　人形町院,東京都,2026-06-01,https://eyebeauty-clinic.jp/,https://eyebeauty-clinic.jp/,SUCCESS,VERIFIED,A,12,皮膚科,岡田　宇広,,,,UNKNOWN,厚生局指定年月日 2026-06-01 を確認（年齢は直接算出不可）,2,Instagram公式運用 / LINE公式運用,Instagram公式運用｜https://www.instagram.com/tokyo.keisei.clinic/ / LINE公式運用｜https://lin.ee/wjiISAu,アツい,電話番号一致 / 医院名がページ見出しに一致 / 住所一致,"[{""reason"": ""HTTP 404。手動で確認してください。"", ""url"": ""https://eyebeauty-clinic.jp/recruit/""}]",,
1026,銀座皮フ科形成外科,東京都,2026-09-01,https://ginza-hk.com/,https://ginza-hk.com/,SUCCESS,VERIFIED,A,12,皮膚科,田代　絢亮,2024,,100.0%,MODEL_ESTIMATE,https://ginza-hk.com/about/,2,Instagram公式運用 / LINE公式運用,Instagram公式運用｜https://www.instagram.com/ginzahifukeisei / LINE公式運用｜https://lin.ee/PrZgakP,アツい,電話番号一致 / 医院名がページ見出しに一致,[],,
1055,赤坂溜池クリニック,東京都,1997-08-01,http://www.holisticmedicine.jp/clinic.html,https://holisticmedicine.jp/,SUCCESS,VERIFIED,B,9,,降矢　英成,,,,UNKNOWN,厚生局指定年月日 1997-08-01 を確認（年齢は直接算出不可）,2,Doctors File掲載 / Medical DOC掲載,Doctors File掲載｜Doctors file → https://doctorsfile.jp/h/25025/df/1/ / Medical DOC掲載｜medicaldoc → https://medicaldoc.jp/recommend/minato-psychiatry/,アツい,電話番号一致 / 医院名がページ見出しに一致 / 院長名一致,[],,
1080,汐留みらいクリニック,東京都,2002-04-01,http://www.shiodome-mirai.com/,https://www.shiodome-mirai.com/,SUCCESS,VERIFIED,B,10,内視鏡,橋本　雄幸,,,,UNKNOWN,厚生局指定年月日 2002-04-01 を確認（年齢は直接算出不可）,3,Doctors File掲載 / Medical DOC掲載 / HP制作会社の制作実績,Doctors File掲載｜drfile1 → https://doctorsfile.jp/h/25149/df/1// / Medical DOC掲載｜MedicalDOC → https://medicaldoc.jp/m/recommend-m/tokyo-constipation/ / HP制作会社の制作実績｜DR.BRIDGE｜クリニックホームページ制作 クリニックホームページ制作 → https://www.dr-bridge.co.jp/,かなりアツい,電話番号一致 / 医院名がページ見出しに一致,[],,
1115,医療法人社団　ケイセイ会　パークサイドクリニック,東京都,2005-10-01,http://parkside-clinic.jp/,https://parkside-clinic.jp/,SUCCESS,VERIFIED,B,8,,大原　成官,,,,UNKNOWN,厚生局指定年月日 2005-10-01 を確認（年齢は直接算出不可）,2,LINE公式運用 / 昼の検査・手術専用枠,LINE公式運用｜https://lin.ee/KqPY6x1 / 昼の検査・手術専用枠｜診療時間表：午前 08:30～12:45／14:00~17:00 内視鏡検査 横手 川瀬 上原 松田 大原/浦部 14:00～17:00／午後 17:00～17:30,アツい,電話番号一致 / 医院名がページ見出しに一致,"[{""reason"": ""HTTP 404。手動で確認してください。"", ""url"": ""https://parkside-clinic.jp/2020/06/23/169/""}]",,
1131,西新橋みむろクリニック,東京都,2007-04-01,https://mimuro-clinic.jp/,https://mimuro-clinic.jp/,SUCCESS,VERIFIED,A,12,皮膚科,三室　治久,,,,UNKNOWN,厚生局指定年月日 2007-04-01 を確認（年齢は直接算出不可）,3,地域ドクターズ掲載 / Instagram公式運用 / LINE公式運用,地域ドクターズ掲載｜ → https://tokyo-doctors.com/clinicList/42043/interview/ / Instagram公式運用｜https://www.instagram.com/mimuro_clinic/ / LINE公式運用｜https://lin.ee/5DE1YYB,かなりアツい,電話番号一致 / 医院名がページ見出しに一致,[],,
1135,医療法人社団　健徳会　わかばクリニック,東京都,2007-05-01,https://www.wakabamc.com/,https://www.wakabamc.com/,SUCCESS,VERIFIED,B,11,皮膚科,工藤　さやか,,,,UNKNOWN,厚生局指定年月日 2007-05-01 を確認（年齢は直接算出不可）,2,Instagram公式運用 / LINE公式運用,Instagram公式運用｜https://www.instagram.com/wakabaclinic/ / LINE公式運用｜https://line.me/R/ti/p/Y489GJezL2,アツい,電話番号一致 / 医院名がページ見出しに一致,[],,
1145,おくむら整形外科内科クリニック,東京都,2007-11-01,https://okumuraorthopedics.com/,https://www.okumuraorthopedics.com/,SUCCESS,VERIFIED,B,9,,奥村　明彦,1986,,0.0%,MODEL_ESTIMATE,https://www.okumuraorthopedics.com/doctor,2,Instagram公式運用 / LINE公式運用,Instagram公式運用｜https://www.instagram.com/okumura.orthopedics/ / LINE公式運用｜https://lin.ee/pdZmciw,アツい,電話番号一致 / 医院名がページ見出しに一致,[],,
1150,医療法人社団　星美会　青山ヒフ科クリニック,東京都,2008-02-01,https://aoyamahihuka.com/,https://www.aoyamahihuka.com/,SUCCESS,VERIFIED,A,13,皮膚科,窪田　泰夫,1979,,0.0%,MODEL_ESTIMATE,https://www.aoyamahihuka.com/about/clinic/,2,Instagram公式運用 / 漫画コンテンツ,Instagram公式運用｜https://www.instagram.com/aoyamahihuka_clinic/ / 漫画コンテンツ｜https://www.aoyamahihuka.com/media/?p=1&id=1761901852-770053#n_1761901852-770053,アツい,電話番号一致 / 医院名がページ見出しに一致,[],,
1159,東京ロイヤルクリニック,東京都,2009-03-01,https://tokyoroyalclinic.com/,https://tokyoroyalclinic.com/,SUCCESS,VERIFIED,A,12,ED / 皮膚科,李　超智,,,,UNKNOWN,厚生局指定年月日 2009-03-01 を確認（年齢は直接算出不可）,2,Instagram公式運用 / LINE公式運用,Instagram公式運用｜https://www.instagram.com/tokyoroyal_clinic/?hl=ja / LINE公式運用｜https://line.me/R/ti/p/%40tin3299o,アツい,電話番号一致 / 医院名がページ見出しに一致,[],,
1166,医療法人社団　スリープクリニック　スリープクリニック青山,東京都,2010-02-01,https://www.sleepmedicine-tokyo.com/clinic/aoyama/,https://www.sleepmedicine-tokyo.com/clinic/aoyama/,SUCCESS,VERIFIED,B,9,,崎山　武志,1970,1970,0.0%,MODEL_ESTIMATE,厚生局/取込済み医籍登録年,3,Instagram公式運用 / LINE公式運用 / オンライン診療,Instagram公式運用｜https://www.instagram.com/sleepdrtakuroendo / LINE公式運用｜https://lin.ee/kKASifL / オンライン診療｜CPAPオンライン診療 CPAPオンライン診療 → https://www.sleepmedicine-tokyo.com/clinic/online/,かなりアツい,電話番号一致 / 医院名がページ見出しに一致,[],,
1177,有栖川整形外科,東京都,2010-07-01,http://www.arisugawaseikeigeka.com/,https://www.arisugawaseikeigeka.com/,SUCCESS,VERIFIED,C,7,,陣　彦善,,,,UNKNOWN,厚生局指定年月日 2010-07-01 を確認（年齢は直接算出不可）,3,YouTube公式運用 / Instagram公式運用 / LINE公式運用,YouTube公式運用｜https://www.youtube.com/channel/UCm9tElue4Dp8gAitp7b1TPg/featured / Instagram公式運用｜https://www.instagram.com/arisugawa.o.c / LINE公式運用｜https://lin.ee/hzhQxjD,かなりアツい,電話番号一致 / 医院名がページ見出しに一致 / 院長名一致,"[{""reason"": ""HTTP 429。手動で確認してください。"", ""url"": ""https://www.arisugawaseikeigeka.com/firstvisit""}, {""reason"": ""アクセス制限があるため、このサイトの取得を停止しました。"", ""url"": ""https://www.arisugawaseikeigeka.com/doctor""}, {""reason"": ""アクセス制限があるため、このサイトの取得を停止しました。"", ""url"": ""https://www.arisugawaseikeigeka.com/medicalexamination""}, {""reason"": ""アクセス制限があるため、このサイトの取得を停止しました。"", ""url"": ""https://www.arisugawaseikeigeka.com/ptstaff""}, {""reason"": ""アクセス制限があるため、このサイトの取得を停止しました。"", ""url"": ""https://www.arisugawaseikeigeka.com/access""}, {""reason"": ""アクセス制限があるため、このサイトの取得を停止しました。"", ""url"": ""https://www.arisugawaseikeigeka.com/medical-support""}, {""reason"": ""アクセス制限があるため、このサイトの取得を停止しました。"", ""url"": ""https://www.arisugawaseikeigeka.com/blank""}, {""reason"": ""アクセス制限があるため、このサイトの取得を停止しました。"", ""url"": ""https://www.arisugawaseikeigeka.com/prevention""}, {""reason"": ""アクセス制限があるため、このサイトの取得を停止しました。"", ""url"": ""https://www.arisugawaseikeigeka.com/medicaldiet""}, {""reason"": ""アクセス制限があるため、このサイトの取得を停止しました。"", ""url"": ""https://www.arisugawaseikeigeka.com""}, {""reason"": ""アクセス制限があるため、このサイトの取得を停止しました。"", ""url"": ""https://www.arisugawaseikeigeka.com/symptoms""}, {""reason"": ""アクセス制限があるため、このサイトの取得を停止しました。"", ""url"": ""https://www.arisugawaseikeigeka.com/self-exercise""}, {""reason"": ""アクセス制限があるため、このサイトの取得を停止しました。"", ""url"": ""https://www.arisugawaseikeigeka.com/recruitment""}, {""reason"": ""アクセス制限があるため、このサイトの取得を停止しました。"", ""url"": ""https://www.arisugawaseikeigeka.com/複製-dr-コンディショニング""}, {""reason"": ""アクセス制限があるため、このサイトの取得を停止しました。"", ""url"": ""https://www.arisugawaseikeigeka.com/dr-conditioning""}, {""reason"": ""アクセス制限があるため、このサイトの取得を停止しました。"", ""url"": ""https://www.arisugawaseikeigeka.com/pfc-fd""}, {""reason"": ""アクセス制限があるため、このサイトの取得を停止しました。"", ""url"": ""https://www.arisugawaseikeigeka.com/general-6-3""}, {""reason"": ""アクセス制限があるため、このサイトの取得を停止しました。"", ""url"": ""https://www.arisugawaseikeigeka.com/insole""}, {""reason"": ""アクセス制限があるため、このサイトの取得を停止しました。"", ""url"": ""https://www.arisugawaseikeigeka.com/sportsorthopedics""}]",,
