decision_schema_version,clinic_id,mhlw_facility_id,final_identity_status,promotion_allowed,audit_reason,match_method,decision_source,source_date
1,12,2121632006903,HP_UNAVAILABLE,false,FETCH_FAILED,UNIQUE_ADDRESS_MATCH,FINAL_HP_PROMOTION_AUDIT_V1,2026-06-01
1,16,4022400000395,HP_CONFLICT_REVIEW,false,MEDICAL_TYPE_MISMATCH,UNIQUE_ADDRESS_MATCH,FINAL_HP_PROMOTION_AUDIT_V1,2026-06-01
1,17,2722270168050,HP_UNAVAILABLE,false,NO_CANDIDATE_URL,UNIQUE_ADDRESS_MATCH,FINAL_HP_PROMOTION_AUDIT_V1,2026-06-01
1,20,0122010500010,HP_UNAVAILABLE,false,FETCH_FAILED,UNIQUE_ADDRESS_MATCH,FINAL_HP_PROMOTION_AUDIT_V1,2026-06-01
1,37,1322130112240,HP_RENAME_CONFIRMED,true,FACILITY_SPECIFIC_HP_ADDRESS_AND_PHONE_CONFIRMED,UNIQUE_ADDRESS_MATCH,FINAL_HP_PROMOTION_AUDIT_V1,2026-06-01
1,217,1322136433111,HP_CONFLICT_REVIEW,false,INSUFFICIENT_OR_CONFLICTING_IDENTITY_EVIDENCE,UNIQUE_ADDRESS_MATCH,FINAL_HP_PROMOTION_AUDIT_V1,2026-06-01
1,443,1322136044910,HP_CONFLICT_REVIEW,false,INSUFFICIENT_OR_CONFLICTING_IDENTITY_EVIDENCE,UNIQUE_ADDRESS_MATCH,FINAL_HP_PROMOTION_AUDIT_V1,2026-06-01
1,469,1322130310020,HP_UNAVAILABLE,false,NO_CANDIDATE_URL,UNIQUE_ADDRESS_MATCH,FINAL_HP_PROMOTION_AUDIT_V1,2026-06-01
1,724,1322136915300,HP_CONFLICT_REVIEW,false,INSUFFICIENT_OR_CONFLICTING_IDENTITY_EVIDENCE,UNIQUE_ADDRESS_MATCH,FINAL_HP_PROMOTION_AUDIT_V1,2026-06-01
1,1509,1325139900530,HP_RENAME_CONFIRMED,true,FACILITY_SPECIFIC_HP_ADDRESS_AND_PHONE_CONFIRMED,UNIQUE_ADDRESS_MATCH,FINAL_HP_PROMOTION_AUDIT_V1,2026-06-01
1,1524,1322130515870,HP_RENAME_CONFIRMED,true,FACILITY_SPECIFIC_HP_ADDRESS_AND_PHONE_CONFIRMED,UNIQUE_ADDRESS_MATCH,FINAL_HP_PROMOTION_AUDIT_V1,2026-06-01
1,1529,1322136000786,HP_CONFLICT_REVIEW,false,INSUFFICIENT_OR_CONFLICTING_IDENTITY_EVIDENCE,UNIQUE_ADDRESS_MATCH,FINAL_HP_PROMOTION_AUDIT_V1,2026-06-01
1,1586,1321315825682,HP_RENAME_CONFIRMED,true,FACILITY_SPECIFIC_HP_ADDRESS_AND_PHONE_CONFIRMED,UNIQUE_ADDRESS_MATCH,FINAL_HP_PROMOTION_AUDIT_V1,2026-06-01
1,1599,1322130525840,HP_CONFLICT_REVIEW,false,INSUFFICIENT_OR_CONFLICTING_IDENTITY_EVIDENCE,UNIQUE_ADDRESS_MATCH,FINAL_HP_PROMOTION_AUDIT_V1,2026-06-01
1,1674,1322136031590,HP_MOVE_REVIEW,false,POSSIBLE_MOVE,UNIQUE_ADDRESS_MATCH,FINAL_HP_PROMOTION_AUDIT_V1,2026-06-01
1,1729,1322136000203,HP_RENAME_CONFIRMED,true,FACILITY_SPECIFIC_HP_ADDRESS_AND_PHONE_CONFIRMED,UNIQUE_ADDRESS_MATCH,FINAL_HP_PROMOTION_AUDIT_V1,2026-06-01
1,1747,1321315825799,HP_CONFLICT_REVIEW,false,INSUFFICIENT_OR_CONFLICTING_IDENTITY_EVIDENCE,UNIQUE_ADDRESS_MATCH,FINAL_HP_PROMOTION_AUDIT_V1,2026-06-01
1,1775,1322131002700,HP_UNAVAILABLE,false,NO_CANDIDATE_URL,UNIQUE_ADDRESS_MATCH,FINAL_HP_PROMOTION_AUDIT_V1,2026-06-01
1,1849,1322136223340,HP_RENAME_CONFIRMED,true,FACILITY_SPECIFIC_HP_ADDRESS_AND_PHONE_CONFIRMED,UNIQUE_ADDRESS_MATCH,FINAL_HP_PROMOTION_AUDIT_V1,2026-06-01
1,2063,1322131010750,HP_CONFLICT_REVIEW,false,HP_EXTRACTED_PHONE_MISMATCH_OR_NOT_FACILITY_SPECIFIC,UNIQUE_ADDRESS_MATCH,FINAL_HP_PROMOTION_AUDIT_V1,2026-06-01
1,2258,1322136200485,HP_CONFLICT_REVIEW,false,INSUFFICIENT_OR_CONFLICTING_IDENTITY_EVIDENCE,UNIQUE_ADDRESS_MATCH,FINAL_HP_PROMOTION_AUDIT_V1,2026-06-01
1,2299,1321315725585,HP_RENAME_CONFIRMED,true,FACILITY_SPECIFIC_HP_ADDRESS_AND_PHONE_CONFIRMED,UNIQUE_ADDRESS_MATCH,FINAL_HP_PROMOTION_AUDIT_V1,2026-06-01
1,2302,1322136200570,HP_CONFLICT_REVIEW,false,INSUFFICIENT_OR_CONFLICTING_IDENTITY_EVIDENCE,UNIQUE_ADDRESS_MATCH,FINAL_HP_PROMOTION_AUDIT_V1,2026-06-01
1,2303,1321315726112,HP_CONFLICT_REVIEW,false,INSUFFICIENT_OR_CONFLICTING_IDENTITY_EVIDENCE,UNIQUE_ADDRESS_MATCH,FINAL_HP_PROMOTION_AUDIT_V1,2026-06-01
1,2403,1322136600000,HP_CONFLICT_REVIEW,false,HP_EXTRACTED_PHONE_MISMATCH_OR_NOT_FACILITY_SPECIFIC,UNIQUE_ADDRESS_MATCH,FINAL_HP_PROMOTION_AUDIT_V1,2026-06-01
1,2655,1322131219960,HP_CONFLICT_REVIEW,false,INSUFFICIENT_OR_CONFLICTING_IDENTITY_EVIDENCE,UNIQUE_ADDRESS_MATCH,FINAL_HP_PROMOTION_AUDIT_V1,2026-06-01
1,2893,1321310632471,HP_CONFLICT_REVIEW,false,INSUFFICIENT_OR_CONFLICTING_IDENTITY_EVIDENCE,UNIQUE_ADDRESS_MATCH,FINAL_HP_PROMOTION_AUDIT_V1,2026-06-01
1,2917,1322131615810,HP_MOVE_REVIEW,false,POSSIBLE_MOVE,UNIQUE_ADDRESS_MATCH,FINAL_HP_PROMOTION_AUDIT_V1,2026-06-01
1,2984,1322136706120,HP_CONFLICT_REVIEW,false,HP_EXTRACTED_PHONE_MISMATCH_OR_NOT_FACILITY_SPECIFIC,UNIQUE_ADDRESS_MATCH,FINAL_HP_PROMOTION_AUDIT_V1,2026-06-01
1,3090,1322136700067,HP_CONFLICT_REVIEW,false,HP_EXTRACTED_PHONE_MISMATCH_OR_NOT_FACILITY_SPECIFIC,UNIQUE_ADDRESS_MATCH,FINAL_HP_PROMOTION_AUDIT_V1,2026-06-01
1,3253,1322136811170,HP_CONFLICT_REVIEW,false,HP_EXTRACTED_PHONE_MISMATCH_OR_NOT_FACILITY_SPECIFIC,UNIQUE_ADDRESS_MATCH,FINAL_HP_PROMOTION_AUDIT_V1,2026-06-01
1,3605,1322131928350,HP_CONFLICT_REVIEW,false,INSUFFICIENT_OR_CONFLICTING_IDENTITY_EVIDENCE,UNIQUE_ADDRESS_MATCH,FINAL_HP_PROMOTION_AUDIT_V1,2026-06-01
1,3679,1322132004990,HP_CONFLICT_REVIEW,false,INSUFFICIENT_OR_CONFLICTING_IDENTITY_EVIDENCE,UNIQUE_ADDRESS_MATCH,FINAL_HP_PROMOTION_AUDIT_V1,2026-06-01
1,4153,1322135514810,HP_CONFLICT_REVIEW,false,INSUFFICIENT_OR_CONFLICTING_IDENTITY_EVIDENCE,UNIQUE_ADDRESS_MATCH,FINAL_HP_PROMOTION_AUDIT_V1,2026-06-01
1,4191,1322132218410,HP_UNAVAILABLE,false,NO_CANDIDATE_URL,UNIQUE_ADDRESS_MATCH,FINAL_HP_PROMOTION_AUDIT_V1,2026-06-01
1,4355,1321311032721,HP_RENAME_CONFIRMED,true,FACILITY_SPECIFIC_HP_ADDRESS_AND_PHONE_CONFIRMED,UNIQUE_ADDRESS_MATCH,FINAL_HP_PROMOTION_AUDIT_V1,2026-06-01
1,4438,1322132522090,HP_RENAME_CONFIRMED,true,FACILITY_SPECIFIC_HP_ADDRESS_AND_PHONE_CONFIRMED,UNIQUE_ADDRESS_MATCH,FINAL_HP_PROMOTION_AUDIT_V1,2026-06-01
1,4501,1322135602850,HP_CONFLICT_REVIEW,false,INSUFFICIENT_OR_CONFLICTING_IDENTITY_EVIDENCE,UNIQUE_ADDRESS_MATCH,FINAL_HP_PROMOTION_AUDIT_V1,2026-06-01
1,4507,1322135603570,HP_RENAME_CONFIRMED,true,FACILITY_SPECIFIC_HP_ADDRESS_AND_PHONE_CONFIRMED,UNIQUE_ADDRESS_MATCH,FINAL_HP_PROMOTION_AUDIT_V1,2026-06-01
1,4551,1322132304140,HP_RENAME_CONFIRMED,true,FACILITY_SPECIFIC_HP_ADDRESS_AND_PHONE_CONFIRMED,UNIQUE_ADDRESS_MATCH,FINAL_HP_PROMOTION_AUDIT_V1,2026-06-01
1,4654,1322135627997,HP_RENAME_CONFIRMED,true,FACILITY_SPECIFIC_HP_ADDRESS_AND_PHONE_CONFIRMED,UNIQUE_ADDRESS_MATCH,FINAL_HP_PROMOTION_AUDIT_V1,2026-06-01
1,4840,1322135600162,HP_RENAME_CONFIRMED,true,FACILITY_SPECIFIC_HP_ADDRESS_AND_PHONE_CONFIRMED,UNIQUE_ADDRESS_MATCH,FINAL_HP_PROMOTION_AUDIT_V1,2026-06-01
1,4953,1321315624143,HP_RENAME_CONFIRMED,true,FACILITY_SPECIFIC_HP_ADDRESS_AND_PHONE_CONFIRMED,UNIQUE_ADDRESS_MATCH,FINAL_HP_PROMOTION_AUDIT_V1,2026-06-01
1,4977,1322132610740,HP_UNAVAILABLE,false,FETCH_FAILED,UNIQUE_ADDRESS_MATCH,FINAL_HP_PROMOTION_AUDIT_V1,2026-06-01
1,5026,1322133009370,HP_CONFLICT_REVIEW,false,INSUFFICIENT_OR_CONFLICTING_IDENTITY_EVIDENCE,UNIQUE_ADDRESS_MATCH,FINAL_HP_PROMOTION_AUDIT_V1,2026-06-01
1,5040,1322132904090,HP_RENAME_CONFIRMED,true,FACILITY_SPECIFIC_HP_ADDRESS_AND_PHONE_CONFIRMED,UNIQUE_ADDRESS_MATCH,FINAL_HP_PROMOTION_AUDIT_V1,2026-06-01
1,5046,1322132916110,HP_UNAVAILABLE,false,NO_CANDIDATE_URL,UNIQUE_ADDRESS_MATCH,FINAL_HP_PROMOTION_AUDIT_V1,2026-06-01
1,5051,1322132916820,HP_RENAME_CONFIRMED,true,FACILITY_SPECIFIC_HP_ADDRESS_AND_PHONE_CONFIRMED,UNIQUE_ADDRESS_MATCH,FINAL_HP_PROMOTION_AUDIT_V1,2026-06-01
1,5054,1322132762030,HP_RENAME_CONFIRMED,true,FACILITY_SPECIFIC_HP_ADDRESS_AND_PHONE_CONFIRMED,UNIQUE_ADDRESS_MATCH,FINAL_HP_PROMOTION_AUDIT_V1,2026-06-01
1,5106,1322132823830,HP_UNAVAILABLE,false,FETCH_FAILED,UNIQUE_ADDRESS_MATCH,FINAL_HP_PROMOTION_AUDIT_V1,2026-06-01
1,5110,1322132906690,HP_RENAME_CONFIRMED,true,FACILITY_SPECIFIC_HP_ADDRESS_AND_PHONE_CONFIRMED,UNIQUE_ADDRESS_MATCH,FINAL_HP_PROMOTION_AUDIT_V1,2026-06-01
1,5169,1322132744720,HP_CONFLICT_REVIEW,false,INSUFFICIENT_OR_CONFLICTING_IDENTITY_EVIDENCE,UNIQUE_ADDRESS_MATCH,FINAL_HP_PROMOTION_AUDIT_V1,2026-06-01
1,5472,1322133001970,HP_RENAME_CONFIRMED,true,FACILITY_SPECIFIC_HP_ADDRESS_AND_PHONE_CONFIRMED,UNIQUE_ADDRESS_MATCH,FINAL_HP_PROMOTION_AUDIT_V1,2026-06-01
1,5523,1322132807670,HP_CONFLICT_REVIEW,false,INSUFFICIENT_OR_CONFLICTING_IDENTITY_EVIDENCE,UNIQUE_ADDRESS_MATCH,FINAL_HP_PROMOTION_AUDIT_V1,2026-06-01
1,5700,1322132700327,HP_RENAME_CONFIRMED,true,FACILITY_SPECIFIC_HP_ADDRESS_AND_PHONE_CONFIRMED,UNIQUE_ADDRESS_MATCH,FINAL_HP_PROMOTION_AUDIT_V1,2026-06-01
1,5726,1322132700038,HP_CONFLICT_REVIEW,false,HP_EXTRACTED_PHONE_MISMATCH_OR_NOT_FACILITY_SPECIFIC,UNIQUE_ADDRESS_MATCH,FINAL_HP_PROMOTION_AUDIT_V1,2026-06-01
1,5764,1322132700385,HP_CONFLICT_REVIEW,false,INSUFFICIENT_OR_CONFLICTING_IDENTITY_EVIDENCE,UNIQUE_ADDRESS_MATCH,FINAL_HP_PROMOTION_AUDIT_V1,2026-06-01
1,5783,1322132700405,HP_CONFLICT_REVIEW,false,HP_EXTRACTED_PHONE_MISMATCH_OR_NOT_FACILITY_SPECIFIC,UNIQUE_ADDRESS_MATCH,FINAL_HP_PROMOTION_AUDIT_V1,2026-06-01
1,5948,1322132767240,HP_IDENTITY_CONFIRMED,true,FACILITY_SPECIFIC_HP_ADDRESS_AND_PHONE_CONFIRMED,UNIQUE_ADDRESS_MATCH,FINAL_HP_PROMOTION_AUDIT_V1,2026-06-01
1,5997,1321315533161,HP_RENAME_CONFIRMED,true,FACILITY_SPECIFIC_HP_ADDRESS_AND_PHONE_CONFIRMED,UNIQUE_ADDRESS_MATCH,FINAL_HP_PROMOTION_AUDIT_V1,2026-06-01
1,6455,1322133100623,HP_CONFLICT_REVIEW,false,HP_EXTRACTED_ADDRESS_NOT_FACILITY_SPECIFIC_OR_MISMATCH,UNIQUE_ADDRESS_MATCH,FINAL_HP_PROMOTION_AUDIT_V1,2026-06-01
1,6499,1321316021539,HP_CONFLICT_REVIEW,false,INSUFFICIENT_OR_CONFLICTING_IDENTITY_EVIDENCE,UNIQUE_ADDRESS_MATCH,FINAL_HP_PROMOTION_AUDIT_V1,2026-06-01
1,6526,1325139900370,HP_CONFLICT_REVIEW,false,INSUFFICIENT_OR_CONFLICTING_IDENTITY_EVIDENCE,UNIQUE_ADDRESS_MATCH,FINAL_HP_PROMOTION_AUDIT_V1,2026-06-01
1,6529,1321316021943,HP_CONFLICT_REVIEW,false,INSUFFICIENT_OR_CONFLICTING_IDENTITY_EVIDENCE,UNIQUE_ADDRESS_MATCH,FINAL_HP_PROMOTION_AUDIT_V1,2026-06-01
1,6641,1322136102360,HP_CONFLICT_REVIEW,false,INSUFFICIENT_OR_CONFLICTING_IDENTITY_EVIDENCE,UNIQUE_ADDRESS_MATCH,FINAL_HP_PROMOTION_AUDIT_V1,2026-06-01
1,6699,1322133217670,HP_RENAME_CONFIRMED,true,FACILITY_SPECIFIC_HP_ADDRESS_AND_PHONE_CONFIRMED,UNIQUE_ADDRESS_MATCH,FINAL_HP_PROMOTION_AUDIT_V1,2026-06-01
1,6903,1322136102780,HP_UNAVAILABLE,false,NO_CANDIDATE_URL,UNIQUE_ADDRESS_MATCH,FINAL_HP_PROMOTION_AUDIT_V1,2026-06-01
1,6911,1322133407660,HP_UNAVAILABLE,false,NO_CANDIDATE_URL,UNIQUE_ADDRESS_MATCH,FINAL_HP_PROMOTION_AUDIT_V1,2026-06-01
1,7226,1322133628700,HP_CONFLICT_REVIEW,false,HP_EXTRACTED_ADDRESS_NOT_FACILITY_SPECIFIC_OR_MISMATCH,UNIQUE_ADDRESS_MATCH,FINAL_HP_PROMOTION_AUDIT_V1,2026-06-01
1,7349,1322135700190,HP_RENAME_CONFIRMED,true,FACILITY_SPECIFIC_HP_ADDRESS_AND_PHONE_CONFIRMED,UNIQUE_ADDRESS_MATCH,FINAL_HP_PROMOTION_AUDIT_V1,2026-06-01
1,7363,1321315920764,HP_IDENTITY_CONFIRMED,true,FACILITY_SPECIFIC_HP_ADDRESS_AND_PHONE_CONFIRMED,UNIQUE_ADDRESS_MATCH,FINAL_HP_PROMOTION_AUDIT_V1,2026-06-01
1,7451,1322135717190,HP_CONFLICT_REVIEW,false,INSUFFICIENT_OR_CONFLICTING_IDENTITY_EVIDENCE,UNIQUE_ADDRESS_MATCH,FINAL_HP_PROMOTION_AUDIT_V1,2026-06-01
1,7691,1322133700126,HP_CONFLICT_REVIEW,false,INSUFFICIENT_OR_CONFLICTING_IDENTITY_EVIDENCE,UNIQUE_ADDRESS_MATCH,FINAL_HP_PROMOTION_AUDIT_V1,2026-06-01
1,7906,1322133903540,HP_UNAVAILABLE,false,NO_CANDIDATE_URL,UNIQUE_ADDRESS_MATCH,FINAL_HP_PROMOTION_AUDIT_V1,2026-06-01
1,7959,1322133900190,HP_CONFLICT_REVIEW,false,HP_EXTRACTED_ADDRESS_NOT_FACILITY_SPECIFIC_OR_MISMATCH,UNIQUE_ADDRESS_MATCH,FINAL_HP_PROMOTION_AUDIT_V1,2026-06-01
1,7966,1322134013390,HP_RENAME_CONFIRMED,true,FACILITY_SPECIFIC_HP_ADDRESS_AND_PHONE_CONFIRMED,UNIQUE_ADDRESS_MATCH,FINAL_HP_PROMOTION_AUDIT_V1,2026-06-01
1,8052,1322134015310,HP_UNAVAILABLE,false,NO_CANDIDATE_URL,UNIQUE_ADDRESS_MATCH,FINAL_HP_PROMOTION_AUDIT_V1,2026-06-01
1,8098,1322135800085,HP_RENAME_CONFIRMED,true,FACILITY_SPECIFIC_HP_ADDRESS_AND_PHONE_CONFIRMED,UNIQUE_ADDRESS_MATCH,FINAL_HP_PROMOTION_AUDIT_V1,2026-06-01
1,8125,1322134114880,HP_RENAME_CONFIRMED,true,FACILITY_SPECIFIC_HP_ADDRESS_AND_PHONE_CONFIRMED,UNIQUE_ADDRESS_MATCH,FINAL_HP_PROMOTION_AUDIT_V1,2026-06-01
1,8199,1322134206150,HP_UNAVAILABLE,false,NO_CANDIDATE_URL,UNIQUE_ADDRESS_MATCH,FINAL_HP_PROMOTION_AUDIT_V1,2026-06-01
1,8242,1322134230360,HP_RENAME_CONFIRMED,true,FACILITY_SPECIFIC_HP_ADDRESS_AND_PHONE_CONFIRMED,UNIQUE_ADDRESS_MATCH,FINAL_HP_PROMOTION_AUDIT_V1,2026-06-01
1,8278,1322134228790,HP_CONFLICT_REVIEW,false,INSUFFICIENT_OR_CONFLICTING_IDENTITY_EVIDENCE,UNIQUE_ADDRESS_MATCH,FINAL_HP_PROMOTION_AUDIT_V1,2026-06-01
1,8516,1322134300380,HP_RENAME_CONFIRMED,true,FACILITY_SPECIFIC_HP_ADDRESS_AND_PHONE_CONFIRMED,UNIQUE_ADDRESS_MATCH,FINAL_HP_PROMOTION_AUDIT_V1,2026-06-01
1,8526,1322135913660,HP_UNAVAILABLE,false,NO_CANDIDATE_URL,UNIQUE_ADDRESS_MATCH,FINAL_HP_PROMOTION_AUDIT_V1,2026-06-01
1,8626,1322134508900,HP_RENAME_CONFIRMED,true,FACILITY_SPECIFIC_HP_ADDRESS_AND_PHONE_CONFIRMED,UNIQUE_ADDRESS_MATCH,FINAL_HP_PROMOTION_AUDIT_V1,2026-06-01
1,8645,1322135900028,HP_CONFLICT_REVIEW,false,INSUFFICIENT_OR_CONFLICTING_IDENTITY_EVIDENCE,UNIQUE_ADDRESS_MATCH,FINAL_HP_PROMOTION_AUDIT_V1,2026-06-01
1,9099,1322136516710,HP_IDENTITY_CONFIRMED,true,FACILITY_SPECIFIC_HP_ADDRESS_AND_PHONE_CONFIRMED,UNIQUE_ADDRESS_MATCH,FINAL_HP_PROMOTION_AUDIT_V1,2026-06-01
1,9236,1322136500157,HP_CONFLICT_REVIEW,false,HP_EXTRACTED_PHONE_MISMATCH_OR_NOT_FACILITY_SPECIFIC,UNIQUE_ADDRESS_MATCH,FINAL_HP_PROMOTION_AUDIT_V1,2026-06-01
1,9300,1321312038099,HP_CONFLICT_REVIEW,false,INSUFFICIENT_OR_CONFLICTING_IDENTITY_EVIDENCE,UNIQUE_ADDRESS_MATCH,FINAL_HP_PROMOTION_AUDIT_V1,2026-06-01
1,9425,1322134916680,HP_UNAVAILABLE,false,FETCH_FAILED,UNIQUE_ADDRESS_MATCH,FINAL_HP_PROMOTION_AUDIT_V1,2026-06-01
1,9473,1322134926100,HP_CONFLICT_REVIEW,false,HP_EXTRACTED_PHONE_MISMATCH_OR_NOT_FACILITY_SPECIFIC,UNIQUE_ADDRESS_MATCH,FINAL_HP_PROMOTION_AUDIT_V1,2026-06-01
1,9494,1322134831510,HP_CONFLICT_REVIEW,false,HP_EXTRACTED_ADDRESS_NOT_FACILITY_SPECIFIC_OR_MISMATCH,UNIQUE_ADDRESS_MATCH,FINAL_HP_PROMOTION_AUDIT_V1,2026-06-01
1,9507,1322134839200,HP_CONFLICT_REVIEW,false,HP_EXTRACTED_PHONE_MISMATCH_OR_NOT_FACILITY_SPECIFIC,UNIQUE_ADDRESS_MATCH,FINAL_HP_PROMOTION_AUDIT_V1,2026-06-01
1,9516,1322134841160,HP_CONFLICT_REVIEW,false,HP_EXTRACTED_PHONE_MISMATCH_OR_NOT_FACILITY_SPECIFIC,UNIQUE_ADDRESS_MATCH,FINAL_HP_PROMOTION_AUDIT_V1,2026-06-01
1,9718,1322134800139,HP_RENAME_CONFIRMED,true,FACILITY_SPECIFIC_HP_ADDRESS_AND_PHONE_CONFIRMED,UNIQUE_ADDRESS_MATCH,FINAL_HP_PROMOTION_AUDIT_V1,2026-06-01
1,9759,1322134830630,HP_RENAME_CONFIRMED,true,FACILITY_SPECIFIC_HP_ADDRESS_AND_PHONE_CONFIRMED,UNIQUE_ADDRESS_MATCH,FINAL_HP_PROMOTION_AUDIT_V1,2026-06-01
1,9793,1321312135374,HP_CONFLICT_REVIEW,false,INSUFFICIENT_OR_CONFLICTING_IDENTITY_EVIDENCE,UNIQUE_ADDRESS_MATCH,FINAL_HP_PROMOTION_AUDIT_V1,2026-06-01
1,9885,1322134800190,HP_CONFLICT_REVIEW,false,INSUFFICIENT_OR_CONFLICTING_IDENTITY_EVIDENCE,UNIQUE_ADDRESS_MATCH,FINAL_HP_PROMOTION_AUDIT_V1,2026-06-01
1,9897,1322135006810,HP_CONFLICT_REVIEW,false,HP_EXTRACTED_ADDRESS_NOT_FACILITY_SPECIFIC_OR_MISMATCH;HP_EXTRACTED_PHONE_MISMATCH_OR_NOT_FACILITY_SPECIFIC,UNIQUE_ADDRESS_MATCH,FINAL_HP_PROMOTION_AUDIT_V1,2026-06-01
1,9903,1322135100170,HP_UNAVAILABLE,false,NO_CANDIDATE_URL,UNIQUE_ADDRESS_MATCH,FINAL_HP_PROMOTION_AUDIT_V1,2026-06-01
1,9904,1322135102220,HP_CONFLICT_REVIEW,false,INSUFFICIENT_OR_CONFLICTING_IDENTITY_EVIDENCE,UNIQUE_ADDRESS_MATCH,FINAL_HP_PROMOTION_AUDIT_V1,2026-06-01
1,9905,1322135021770,HP_RENAME_CONFIRMED,true,FACILITY_SPECIFIC_HP_ADDRESS_AND_PHONE_CONFIRMED,UNIQUE_ADDRESS_MATCH,FINAL_HP_PROMOTION_AUDIT_V1,2026-06-01
1,9937,1322135028450,HP_RENAME_CONFIRMED,true,FACILITY_SPECIFIC_HP_ADDRESS_AND_PHONE_CONFIRMED,UNIQUE_ADDRESS_MATCH,FINAL_HP_PROMOTION_AUDIT_V1,2026-06-01
1,10160,1322135000095,HP_CONFLICT_REVIEW,false,HP_EXTRACTED_ADDRESS_NOT_FACILITY_SPECIFIC_OR_MISMATCH,UNIQUE_ADDRESS_MATCH,FINAL_HP_PROMOTION_AUDIT_V1,2026-06-01
1,10229,1322135000118,HP_CONFLICT_REVIEW,false,INSUFFICIENT_OR_CONFLICTING_IDENTITY_EVIDENCE,UNIQUE_ADDRESS_MATCH,FINAL_HP_PROMOTION_AUDIT_V1,2026-06-01
1,10261,1322135207750,HP_CONFLICT_REVIEW,false,HP_EXTRACTED_ADDRESS_NOT_FACILITY_SPECIFIC_OR_MISMATCH,UNIQUE_ADDRESS_MATCH,FINAL_HP_PROMOTION_AUDIT_V1,2026-06-01
1,10270,1322135317880,HP_RENAME_CONFIRMED,true,FACILITY_SPECIFIC_HP_ADDRESS_AND_PHONE_CONFIRMED,UNIQUE_ADDRESS_MATCH,FINAL_HP_PROMOTION_AUDIT_V1,2026-06-01
1,10396,1322135219030,HP_CONFLICT_REVIEW,false,HP_EXTRACTED_ADDRESS_NOT_FACILITY_SPECIFIC_OR_MISMATCH,UNIQUE_ADDRESS_MATCH,FINAL_HP_PROMOTION_AUDIT_V1,2026-06-01
1,10414,1322135242520,HP_CONFLICT_REVIEW,false,INSUFFICIENT_OR_CONFLICTING_IDENTITY_EVIDENCE,UNIQUE_ADDRESS_MATCH,FINAL_HP_PROMOTION_AUDIT_V1,2026-06-01
1,10502,1322135240500,HP_UNAVAILABLE,false,NO_CANDIDATE_URL,UNIQUE_ADDRESS_MATCH,FINAL_HP_PROMOTION_AUDIT_V1,2026-06-01
1,10597,1322135200158,HP_RENAME_CONFIRMED,true,FACILITY_SPECIFIC_HP_ADDRESS_AND_PHONE_CONFIRMED,UNIQUE_ADDRESS_MATCH,FINAL_HP_PROMOTION_AUDIT_V1,2026-06-01
1,10626,1321312334597,HP_CONFLICT_REVIEW,false,INSUFFICIENT_OR_CONFLICTING_IDENTITY_EVIDENCE,UNIQUE_ADDRESS_MATCH,FINAL_HP_PROMOTION_AUDIT_V1,2026-06-01
1,10702,1322135233140,HP_UNAVAILABLE,false,FETCH_FAILED,UNIQUE_ADDRESS_MATCH,FINAL_HP_PROMOTION_AUDIT_V1,2026-06-01
1,10727,1322137310670,HP_CONFLICT_REVIEW,false,INSUFFICIENT_OR_CONFLICTING_IDENTITY_EVIDENCE,UNIQUE_ADDRESS_MATCH,FINAL_HP_PROMOTION_AUDIT_V1,2026-06-01
1,10876,1322137302200,HP_CONFLICT_REVIEW,false,HP_EXTRACTED_ADDRESS_NOT_FACILITY_SPECIFIC_OR_MISMATCH,UNIQUE_ADDRESS_MATCH,FINAL_HP_PROMOTION_AUDIT_V1,2026-06-01
1,10904,1322137358890,HP_CONFLICT_REVIEW,false,INSUFFICIENT_OR_CONFLICTING_IDENTITY_EVIDENCE,UNIQUE_ADDRESS_MATCH,FINAL_HP_PROMOTION_AUDIT_V1,2026-06-01
1,10909,1322137300008,HP_CONFLICT_REVIEW,false,INSUFFICIENT_OR_CONFLICTING_IDENTITY_EVIDENCE,UNIQUE_ADDRESS_MATCH,FINAL_HP_PROMOTION_AUDIT_V1,2026-06-01
1,10956,1322137361890,HP_RENAME_CONFIRMED,true,FACILITY_SPECIFIC_HP_ADDRESS_AND_PHONE_CONFIRMED,UNIQUE_ADDRESS_MATCH,FINAL_HP_PROMOTION_AUDIT_V1,2026-06-01
1,10969,1322137300064,HP_UNAVAILABLE,false,NO_CANDIDATE_URL,UNIQUE_ADDRESS_MATCH,FINAL_HP_PROMOTION_AUDIT_V1,2026-06-01
1,10983,1322137300039,HP_RENAME_CONFIRMED,true,FACILITY_SPECIFIC_HP_ADDRESS_AND_PHONE_CONFIRMED,UNIQUE_ADDRESS_MATCH,FINAL_HP_PROMOTION_AUDIT_V1,2026-06-01
1,10984,1322137300078,HP_RENAME_CONFIRMED,true,FACILITY_SPECIFIC_HP_ADDRESS_AND_PHONE_CONFIRMED,UNIQUE_ADDRESS_MATCH,FINAL_HP_PROMOTION_AUDIT_V1,2026-06-01
1,11040,1322137322400,HP_RENAME_CONFIRMED,true,FACILITY_SPECIFIC_HP_ADDRESS_AND_PHONE_CONFIRMED,UNIQUE_ADDRESS_MATCH,FINAL_HP_PROMOTION_AUDIT_V1,2026-06-01
1,11227,1322139200011,HP_RENAME_CONFIRMED,true,FACILITY_SPECIFIC_HP_ADDRESS_AND_PHONE_CONFIRMED,UNIQUE_ADDRESS_MATCH,FINAL_HP_PROMOTION_AUDIT_V1,2026-06-01
1,11375,1322137100092,HP_UNAVAILABLE,false,FETCH_FAILED,UNIQUE_ADDRESS_MATCH,FINAL_HP_PROMOTION_AUDIT_V1,2026-06-01
1,11575,1322137100199,HP_CONFLICT_REVIEW,false,HP_EXTRACTED_ADDRESS_NOT_FACILITY_SPECIFIC_OR_MISMATCH,UNIQUE_ADDRESS_MATCH,FINAL_HP_PROMOTION_AUDIT_V1,2026-06-01
1,11589,1322137100217,HP_CONFLICT_REVIEW,false,HP_EXTRACTED_ADDRESS_NOT_FACILITY_SPECIFIC_OR_MISMATCH,UNIQUE_ADDRESS_MATCH,FINAL_HP_PROMOTION_AUDIT_V1,2026-06-01
1,11630,1322137103250,HP_RENAME_CONFIRMED,true,FACILITY_SPECIFIC_HP_ADDRESS_AND_PHONE_CONFIRMED,UNIQUE_ADDRESS_MATCH,FINAL_HP_PROMOTION_AUDIT_V1,2026-06-01
1,11664,1322137102790,HP_CONFLICT_REVIEW,false,INSUFFICIENT_OR_CONFLICTING_IDENTITY_EVIDENCE,UNIQUE_ADDRESS_MATCH,FINAL_HP_PROMOTION_AUDIT_V1,2026-06-01
1,11668,1322137103380,HP_CONFLICT_REVIEW,false,INSUFFICIENT_OR_CONFLICTING_IDENTITY_EVIDENCE,UNIQUE_ADDRESS_MATCH,FINAL_HP_PROMOTION_AUDIT_V1,2026-06-01
1,11733,1322137616880,HP_UNAVAILABLE,false,NO_CANDIDATE_URL,UNIQUE_ADDRESS_MATCH,FINAL_HP_PROMOTION_AUDIT_V1,2026-06-01
1,11802,1322137613560,HP_CONFLICT_REVIEW,false,HP_EXTRACTED_ADDRESS_NOT_FACILITY_SPECIFIC_OR_MISMATCH,UNIQUE_ADDRESS_MATCH,FINAL_HP_PROMOTION_AUDIT_V1,2026-06-01
1,11834,1322137100291,HP_CONFLICT_REVIEW,false,INSUFFICIENT_OR_CONFLICTING_IDENTITY_EVIDENCE,UNIQUE_ADDRESS_MATCH,FINAL_HP_PROMOTION_AUDIT_V1,2026-06-01
1,11887,1322137913970,HP_CONFLICT_REVIEW,false,INSUFFICIENT_OR_CONFLICTING_IDENTITY_EVIDENCE,UNIQUE_ADDRESS_MATCH,FINAL_HP_PROMOTION_AUDIT_V1,2026-06-01
1,11968,1322137707720,HP_UNAVAILABLE,false,NO_CANDIDATE_URL,UNIQUE_ADDRESS_MATCH,FINAL_HP_PROMOTION_AUDIT_V1,2026-06-01
1,12003,1322139506800,HP_CONFLICT_REVIEW,false,INSUFFICIENT_OR_CONFLICTING_IDENTITY_EVIDENCE,UNIQUE_ADDRESS_MATCH,FINAL_HP_PROMOTION_AUDIT_V1,2026-06-01
1,12071,1322139505630,HP_RENAME_CONFIRMED,true,FACILITY_SPECIFIC_HP_ADDRESS_AND_PHONE_CONFIRMED,UNIQUE_ADDRESS_MATCH,FINAL_HP_PROMOTION_AUDIT_V1,2026-06-01
1,12091,1322137100201,HP_MOVE_REVIEW,false,POSSIBLE_MOVE,UNIQUE_ADDRESS_MATCH,FINAL_HP_PROMOTION_AUDIT_V1,2026-06-01
1,12163,1322137507340,HP_CONFLICT_REVIEW,false,INSUFFICIENT_OR_CONFLICTING_IDENTITY_EVIDENCE,UNIQUE_ADDRESS_MATCH,FINAL_HP_PROMOTION_AUDIT_V1,2026-06-01
1,12273,1322137538360,HP_UNAVAILABLE,false,NO_CANDIDATE_URL,UNIQUE_ADDRESS_MATCH,FINAL_HP_PROMOTION_AUDIT_V1,2026-06-01
1,12321,1322137500037,HP_UNAVAILABLE,false,NO_CANDIDATE_URL,UNIQUE_ADDRESS_MATCH,FINAL_HP_PROMOTION_AUDIT_V1,2026-06-01
1,12347,1322137500067,HP_CONFLICT_REVIEW,false,INSUFFICIENT_OR_CONFLICTING_IDENTITY_EVIDENCE,UNIQUE_ADDRESS_MATCH,FINAL_HP_PROMOTION_AUDIT_V1,2026-06-01
1,12390,1322137500116,HP_RENAME_CONFIRMED,true,FACILITY_SPECIFIC_HP_ADDRESS_AND_PHONE_CONFIRMED,UNIQUE_ADDRESS_MATCH,FINAL_HP_PROMOTION_AUDIT_V1,2026-06-01
1,12411,1322137553084,HP_RENAME_CONFIRMED,true,FACILITY_SPECIFIC_HP_ADDRESS_AND_PHONE_CONFIRMED,UNIQUE_ADDRESS_MATCH,FINAL_HP_PROMOTION_AUDIT_V1,2026-06-01
1,12430,1322137500148,HP_CONFLICT_REVIEW,false,HP_EXTRACTED_ADDRESS_NOT_FACILITY_SPECIFIC_OR_MISMATCH,UNIQUE_ADDRESS_MATCH,FINAL_HP_PROMOTION_AUDIT_V1,2026-06-01
1,12510,1322139405280,HP_CONFLICT_REVIEW,false,INSUFFICIENT_OR_CONFLICTING_IDENTITY_EVIDENCE,UNIQUE_ADDRESS_MATCH,FINAL_HP_PROMOTION_AUDIT_V1,2026-06-01
1,12621,1322139704390,HP_RENAME_CONFIRMED,true,FACILITY_SPECIFIC_HP_ADDRESS_AND_PHONE_CONFIRMED,UNIQUE_ADDRESS_MATCH,FINAL_HP_PROMOTION_AUDIT_V1,2026-06-01
1,12719,1322139705850,HP_CONFLICT_REVIEW,false,INSUFFICIENT_OR_CONFLICTING_IDENTITY_EVIDENCE,UNIQUE_ADDRESS_MATCH,FINAL_HP_PROMOTION_AUDIT_V1,2026-06-01
1,12732,1322137422560,HP_RENAME_CONFIRMED,true,FACILITY_SPECIFIC_HP_ADDRESS_AND_PHONE_CONFIRMED,UNIQUE_ADDRESS_MATCH,FINAL_HP_PROMOTION_AUDIT_V1,2026-06-01
1,12810,1322139100040,HP_RENAME_CONFIRMED,true,FACILITY_SPECIFIC_HP_ADDRESS_AND_PHONE_CONFIRMED,UNIQUE_ADDRESS_MATCH,FINAL_HP_PROMOTION_AUDIT_V1,2026-06-01
1,12853,1322138405300,HP_UNAVAILABLE,false,NO_CANDIDATE_URL,UNIQUE_ADDRESS_MATCH,FINAL_HP_PROMOTION_AUDIT_V1,2026-06-01
1,12936,1322139805460,HP_RENAME_CONFIRMED,true,FACILITY_SPECIFIC_HP_ADDRESS_AND_PHONE_CONFIRMED,UNIQUE_ADDRESS_MATCH,FINAL_HP_PROMOTION_AUDIT_V1,2026-06-01
1,12946,1322139700112,HP_UNAVAILABLE,false,NO_CANDIDATE_URL,UNIQUE_ADDRESS_MATCH,FINAL_HP_PROMOTION_AUDIT_V1,2026-06-01
1,13021,1322139200009,HP_CONFLICT_REVIEW,false,INSUFFICIENT_OR_CONFLICTING_IDENTITY_EVIDENCE,UNIQUE_ADDRESS_MATCH,FINAL_HP_PROMOTION_AUDIT_V1,2026-06-01
1,13102,1322139200057,HP_CONFLICT_REVIEW,false,INSUFFICIENT_OR_CONFLICTING_IDENTITY_EVIDENCE,UNIQUE_ADDRESS_MATCH,FINAL_HP_PROMOTION_AUDIT_V1,2026-06-01
1,13229,1322137100284,HP_RENAME_CONFIRMED,true,FACILITY_SPECIFIC_HP_ADDRESS_AND_PHONE_CONFIRMED,UNIQUE_ADDRESS_MATCH,FINAL_HP_PROMOTION_AUDIT_V1,2026-06-01
1,13290,1321314621462,HP_CONFLICT_REVIEW,false,INSUFFICIENT_OR_CONFLICTING_IDENTITY_EVIDENCE,UNIQUE_ADDRESS_MATCH,FINAL_HP_PROMOTION_AUDIT_V1,2026-06-01
1,13300,1322138601610,HP_UNAVAILABLE,false,NO_CANDIDATE_URL,UNIQUE_ADDRESS_MATCH,FINAL_HP_PROMOTION_AUDIT_V1,2026-06-01
1,13308,1322139805880,HP_CONFLICT_REVIEW,false,INSUFFICIENT_OR_CONFLICTING_IDENTITY_EVIDENCE,UNIQUE_ADDRESS_MATCH,FINAL_HP_PROMOTION_AUDIT_V1,2026-06-01
1,13372,1322138604510,HP_RENAME_CONFIRMED,true,FACILITY_SPECIFIC_HP_ADDRESS_AND_PHONE_CONFIRMED,UNIQUE_ADDRESS_MATCH,FINAL_HP_PROMOTION_AUDIT_V1,2026-06-01
1,13384,1322139700051,HP_CONFLICT_REVIEW,false,INSUFFICIENT_OR_CONFLICTING_IDENTITY_EVIDENCE,UNIQUE_ADDRESS_MATCH,FINAL_HP_PROMOTION_AUDIT_V1,2026-06-01
1,13436,1322139200131,HP_CONFLICT_REVIEW,false,HP_EXTRACTED_ADDRESS_NOT_FACILITY_SPECIFIC_OR_MISMATCH,UNIQUE_ADDRESS_MATCH,FINAL_HP_PROMOTION_AUDIT_V1,2026-06-01
1,13442,1322137411740,HP_UNAVAILABLE,false,NO_CANDIDATE_URL,UNIQUE_ADDRESS_MATCH,FINAL_HP_PROMOTION_AUDIT_V1,2026-06-01
1,13513,1322139110210,HP_RENAME_CONFIRMED,true,FACILITY_SPECIFIC_HP_ADDRESS_AND_PHONE_CONFIRMED,UNIQUE_ADDRESS_MATCH,FINAL_HP_PROMOTION_AUDIT_V1,2026-06-01
1,13556,1322137415100,HP_UNAVAILABLE,false,NO_CANDIDATE_URL,UNIQUE_ADDRESS_MATCH,FINAL_HP_PROMOTION_AUDIT_V1,2026-06-01
1,13696,1322138209410,HP_UNAVAILABLE,false,NO_CANDIDATE_URL,UNIQUE_ADDRESS_MATCH,FINAL_HP_PROMOTION_AUDIT_V1,2026-06-01
1,13918,1322132820480,HP_RENAME_CONFIRMED,true,FACILITY_SPECIFIC_HP_ADDRESS_AND_PHONE_CONFIRMED,UNIQUE_ADDRESS_MATCH,FINAL_HP_PROMOTION_AUDIT_V1,2026-06-01
1,13939,1322135900126,HP_CONFLICT_REVIEW,false,HP_EXTRACTED_ADDRESS_NOT_FACILITY_SPECIFIC_OR_MISMATCH,UNIQUE_ADDRESS_MATCH,FINAL_HP_PROMOTION_AUDIT_V1,2026-06-01
1,13970,1322137106440,HP_UNAVAILABLE,false,NO_CANDIDATE_URL,UNIQUE_ADDRESS_MATCH,FINAL_HP_PROMOTION_AUDIT_V1,2026-06-01
