doctor_name,registration_year,source,checked_at,confidence,note,gender,profession,candidate_count,candidate_id,clinic_id,phone,verified
見本 青一,2000,架空サンプル,2026-09-01,1.0,テスト用,,医師,1,,,,
見本 葉二,2000,架空サンプル,2026-09-01,1.0,テスト用,,医師,1,,,,
架空 桜三,2000,架空サンプル,2026-09-01,1.0,テスト用,,医師,1,,,,
見本 陽四,2000,架空サンプル,2026-09-01,1.0,テスト用,,医師,1,,,,
見本 古五,1975,架空サンプル,2026-09-01,1.0,テスト用,,医師,1,,,,
見本 欠六,,架空サンプル,2026-09-01,1.0,テスト用,,医師,1,,,,
見本 休七,2000,架空サンプル,2026-09-01,1.0,テスト用,,医師,1,,,,
見本 病八,2000,架空サンプル,2026-09-01,1.0,テスト用,,医師,1,,,,
見本 県九,2000,架空サンプル,2026-09-01,1.0,テスト用,,医師,1,,,,
見本 未十,2000,架空サンプル,2026-09-01,1.0,テスト用,,医師,1,,,,
架空 同名,2000,架空サンプル,2026-09-01,1.0,テスト用,,医師,2,,,,
見本 電話,2000,架空サンプル,2026-09-01,1.0,テスト用,,医師,1,,,,
見本 新郎,2000,架空サンプル,2026-09-01,1.0,テスト用,,医師,1,,,,
見本 住所,2000,架空サンプル,2026-09-01,1.0,テスト用,,医師,1,,,,
見本 日付,2000,架空サンプル,2026-09-01,1.0,テスト用,,医師,1,,,,
架空 太郎,2000,架空サンプル,2026-09-01,1.0,テスト用,,医師,1,,,,
架空 同名,1970,架空サンプル,2026-09-01,1.0,テスト用,,医師,2,,,,
