電話番号,医院名,住所,URL,治療名,管理ID,その他列
03-0000-0001,青空内視鏡クリニック,東京都千代田区架空町1-1-1,https://clinic1.example.invalid,内視鏡,テスト001,NA
03-0000-0002,若葉眼科医院,東京都千代田区架空町2-1-1,https://clinic2.example.invalid,白内障,テスト002,
03-0000-0003,さくら二代目診療所,東京都千代田区架空町3-1-1,https://clinic3.example.invalid,内視鏡,テスト003,
03-0000-0004,ひなた皮膚科,東京都千代田区架空町4-1-1,https://clinic4.example.invalid,白内障,テスト004,
03-0000-0005,古町内科,東京都千代田区架空町5-1-1,https://clinic5.example.invalid,内視鏡,テスト005,
03-0000-0006,欠年糖尿病クリニック,東京都千代田区架空町6-1-1,https://clinic6.example.invalid,白内障,テスト006,
03-0000-0007,休止眼科医院,東京都千代田区架空町7-1-1,https://clinic7.example.invalid,内視鏡,テスト007,
03-0000-0008,東京サンプル病院,東京都千代田区架空町8-1-1,https://clinic8.example.invalid,白内障,テスト008,
03-0000-0009,県外サンプル医院,神奈川県横浜市架空町1-1,https://clinic9.example.invalid,内視鏡,テスト009,
03-0000-0010,未照合クリニック,東京都千代田区架空町10-1-1,https://clinic10.example.invalid,白内障,テスト010,
03-0000-0011,同名確認医院,東京都千代田区架空町11-1-1,https://clinic11.example.invalid,内視鏡,テスト011,
,電話未登録医院,東京都千代田区架空町12-1-1,https://clinic12.example.invalid,白内障,テスト012,
03-0000-0013,院長交代クリニック,東京都千代田区架空町13-1-1,https://clinic13.example.invalid,内視鏡,テスト013,
03-0000-0014,医療法人社団 試験会 住所ゆらぎ医院,東京都千代田区架空町十四丁目1番1号,https://clinic14.example.invalid,白内障,テスト014,
03-0000-0015,日付未取得医院,東京都千代田区架空町15-1-1,https://clinic15.example.invalid,内視鏡,テスト015,
03-0000-0016,姓だけ同じ医院,東京都千代田区架空町16-1-1,https://clinic16.example.invalid,白内障,テスト016,
