clinic_id,clinic_name,phone,address,prefecture,medical_type,facility_type,owner_name,manager_name,designation_date,registration_reason,status,as_of,source_url
demo-001,青空内視鏡クリニック,03-0000-0001,東京都千代田区架空町1-1-1,東京都,医科,診療所,見本 青一,見本 青一,2020-04-01,新規,現存,2026-09-01,架空サンプル（実在施設ではありません）
demo-002,若葉眼科医院,03-0000-0002,東京都千代田区架空町2-1-1,東京都,医科,診療所,見本 葉父,見本 葉二,2020-04-01,継承,現存,2026-09-01,架空サンプル（実在施設ではありません）
demo-003,さくら二代目診療所,03-0000-0003,東京都千代田区架空町3-1-1,東京都,医科,診療所,架空 桜父,架空 桜三,1980-04-01,継承,現存,2026-09-01,架空サンプル（実在施設ではありません）
demo-004,ひなた皮膚科,03-0000-0004,東京都千代田区架空町4-1-1,東京都,医科,診療所,別人 法人,見本 陽四,2000-04-01,新規,現存,2026-09-01,架空サンプル（実在施設ではありません）
demo-005,古町内科,03-0000-0005,東京都千代田区架空町5-1-1,東京都,医科,診療所,見本 古五,見本 古五,1980-04-01,新規,現存,2026-09-01,架空サンプル（実在施設ではありません）
demo-006,欠年糖尿病クリニック,03-0000-0006,東京都千代田区架空町6-1-1,東京都,医科,診療所,見本 欠六,見本 欠六,2020-04-01,新規,現存,2026-09-01,架空サンプル（実在施設ではありません）
demo-007,休止眼科医院,03-0000-0007,東京都千代田区架空町7-1-1,東京都,医科,診療所,見本 休七,見本 休七,2020-04-01,新規,休止,2026-09-01,架空サンプル（実在施設ではありません）
demo-008,東京サンプル病院,03-0000-0008,東京都千代田区架空町8-1-1,東京都,医科,病院,見本 病八,見本 病八,2020-04-01,新規,現存,2026-09-01,架空サンプル（実在施設ではありません）
demo-009,県外サンプル医院,03-0000-0009,神奈川県横浜市架空町1-1,神奈川県,医科,診療所,見本 県九,見本 県九,2020-04-01,新規,現存,2026-09-01,架空サンプル（実在施設ではありません）
demo-011,同名確認医院,03-0000-0011,東京都千代田区架空町11-1-1,東京都,医科,診療所,架空 同名,架空 同名,2020-04-01,新規,現存,2026-09-01,架空サンプル（実在施設ではありません）
demo-012,電話未登録医院,03-0000-0012,東京都千代田区架空町12-1-1,東京都,医科,診療所,見本 電話,見本 電話,2020-04-01,新規,現存,2026-09-01,架空サンプル（実在施設ではありません）
demo-013,院長交代クリニック,03-0000-0013,東京都千代田区架空町13-1-1,東京都,医科,診療所,別姓 前任,見本 新郎,2020-04-01,管理者変更,現存,2026-09-01,架空サンプル（実在施設ではありません）
demo-014,住所ゆらぎクリニック,03-0000-0014,東京都千代田区架空町14-1-1,東京都,医科,診療所,見本 住所,見本 住所,2020-04-01,新規,現存,2026-09-01,架空サンプル（実在施設ではありません）
demo-015,日付未取得医院,03-0000-0015,東京都千代田区架空町15-1-1,東京都,医科,診療所,見本 日付,見本 日付,,新規,現存,2026-09-01,架空サンプル（実在施設ではありません）
demo-016,姓だけ同じ医院,03-0000-0016,東京都千代田区架空町16-1-1,東京都,医科,診療所,架空 次郎,架空 太郎,1980-04-01,新規,現存,2026-09-01,架空サンプル（実在施設ではありません）
