review_id,phase21_rank,phase21_score,phase22_rank,phase22_score,model_version,artifact_sha,prediction_status
N001,D,0,D,0.664973719645,hp-content-2.2-hierarchical-logistic-experimental,bb530750a9d22c81a11e89e58eb42dc5de7df6ba14cbed05a88306f6e86b9d68,OK
N002,D,0,D,0.997835733245,hp-content-2.2-hierarchical-logistic-experimental,bb530750a9d22c81a11e89e58eb42dc5de7df6ba14cbed05a88306f6e86b9d68,OK
N003,D,1,D,0.010415777816,hp-content-2.2-hierarchical-logistic-experimental,bb530750a9d22c81a11e89e58eb42dc5de7df6ba14cbed05a88306f6e86b9d68,OK
N004,C,3,C,0.376068172176,hp-content-2.2-hierarchical-logistic-experimental,bb530750a9d22c81a11e89e58eb42dc5de7df6ba14cbed05a88306f6e86b9d68,OK
N005,D,1,D,0.508021082810,hp-content-2.2-hierarchical-logistic-experimental,bb530750a9d22c81a11e89e58eb42dc5de7df6ba14cbed05a88306f6e86b9d68,OK
N006,D,1,D,0.730456407828,hp-content-2.2-hierarchical-logistic-experimental,bb530750a9d22c81a11e89e58eb42dc5de7df6ba14cbed05a88306f6e86b9d68,OK
N007,D,0,D,0.960457029444,hp-content-2.2-hierarchical-logistic-experimental,bb530750a9d22c81a11e89e58eb42dc5de7df6ba14cbed05a88306f6e86b9d68,OK
N008,D,1,D,0.995212953464,hp-content-2.2-hierarchical-logistic-experimental,bb530750a9d22c81a11e89e58eb42dc5de7df6ba14cbed05a88306f6e86b9d68,OK
N009,C,2,C,0.712809766647,hp-content-2.2-hierarchical-logistic-experimental,bb530750a9d22c81a11e89e58eb42dc5de7df6ba14cbed05a88306f6e86b9d68,OK
N010,C,3,D,0.960475547470,hp-content-2.2-hierarchical-logistic-experimental,bb530750a9d22c81a11e89e58eb42dc5de7df6ba14cbed05a88306f6e86b9d68,OK
N011,C,2,C,0.971564231083,hp-content-2.2-hierarchical-logistic-experimental,bb530750a9d22c81a11e89e58eb42dc5de7df6ba14cbed05a88306f6e86b9d68,OK
N012,D,0,D,0.986066515404,hp-content-2.2-hierarchical-logistic-experimental,bb530750a9d22c81a11e89e58eb42dc5de7df6ba14cbed05a88306f6e86b9d68,OK
N013,B,5,C,0.519717625975,hp-content-2.2-hierarchical-logistic-experimental,bb530750a9d22c81a11e89e58eb42dc5de7df6ba14cbed05a88306f6e86b9d68,OK
N014,D,1,D,0.880558918421,hp-content-2.2-hierarchical-logistic-experimental,bb530750a9d22c81a11e89e58eb42dc5de7df6ba14cbed05a88306f6e86b9d68,OK
N015,C,3,C,0.783397033183,hp-content-2.2-hierarchical-logistic-experimental,bb530750a9d22c81a11e89e58eb42dc5de7df6ba14cbed05a88306f6e86b9d68,OK
N016,D,2,D,0.994676844216,hp-content-2.2-hierarchical-logistic-experimental,bb530750a9d22c81a11e89e58eb42dc5de7df6ba14cbed05a88306f6e86b9d68,OK
N017,C,2,C,0.764034546081,hp-content-2.2-hierarchical-logistic-experimental,bb530750a9d22c81a11e89e58eb42dc5de7df6ba14cbed05a88306f6e86b9d68,OK
N018,C,2,C,0.845518964267,hp-content-2.2-hierarchical-logistic-experimental,bb530750a9d22c81a11e89e58eb42dc5de7df6ba14cbed05a88306f6e86b9d68,OK
N019,C,2,C,0.382398811775,hp-content-2.2-hierarchical-logistic-experimental,bb530750a9d22c81a11e89e58eb42dc5de7df6ba14cbed05a88306f6e86b9d68,OK
N020,C,4,C,0.780189950393,hp-content-2.2-hierarchical-logistic-experimental,bb530750a9d22c81a11e89e58eb42dc5de7df6ba14cbed05a88306f6e86b9d68,OK
N021,D,1,D,0.974427680223,hp-content-2.2-hierarchical-logistic-experimental,bb530750a9d22c81a11e89e58eb42dc5de7df6ba14cbed05a88306f6e86b9d68,OK
N022,B,5,B,0.608680419520,hp-content-2.2-hierarchical-logistic-experimental,bb530750a9d22c81a11e89e58eb42dc5de7df6ba14cbed05a88306f6e86b9d68,OK
N023,A,6,C,0.871260532453,hp-content-2.2-hierarchical-logistic-experimental,bb530750a9d22c81a11e89e58eb42dc5de7df6ba14cbed05a88306f6e86b9d68,OK
N024,C,4,C,0.823474685992,hp-content-2.2-hierarchical-logistic-experimental,bb530750a9d22c81a11e89e58eb42dc5de7df6ba14cbed05a88306f6e86b9d68,OK
N025,C,2,C,0.843315034765,hp-content-2.2-hierarchical-logistic-experimental,bb530750a9d22c81a11e89e58eb42dc5de7df6ba14cbed05a88306f6e86b9d68,OK
N026,D,2,D,0.048128152958,hp-content-2.2-hierarchical-logistic-experimental,bb530750a9d22c81a11e89e58eb42dc5de7df6ba14cbed05a88306f6e86b9d68,OK
N027,D,1,D,0.874298352117,hp-content-2.2-hierarchical-logistic-experimental,bb530750a9d22c81a11e89e58eb42dc5de7df6ba14cbed05a88306f6e86b9d68,OK
N028,C,2,C,0.051413839554,hp-content-2.2-hierarchical-logistic-experimental,bb530750a9d22c81a11e89e58eb42dc5de7df6ba14cbed05a88306f6e86b9d68,OK
N029,C,3,C,0.823939502033,hp-content-2.2-hierarchical-logistic-experimental,bb530750a9d22c81a11e89e58eb42dc5de7df6ba14cbed05a88306f6e86b9d68,OK
N030,C,3,C,0.813582359478,hp-content-2.2-hierarchical-logistic-experimental,bb530750a9d22c81a11e89e58eb42dc5de7df6ba14cbed05a88306f6e86b9d68,OK
N031,B,5,B,0.621414115097,hp-content-2.2-hierarchical-logistic-experimental,bb530750a9d22c81a11e89e58eb42dc5de7df6ba14cbed05a88306f6e86b9d68,OK
N032,D,1,D,0.772693041675,hp-content-2.2-hierarchical-logistic-experimental,bb530750a9d22c81a11e89e58eb42dc5de7df6ba14cbed05a88306f6e86b9d68,OK
N033,D,0,D,0.402554024604,hp-content-2.2-hierarchical-logistic-experimental,bb530750a9d22c81a11e89e58eb42dc5de7df6ba14cbed05a88306f6e86b9d68,OK
N034,C,2,C,0.286568075010,hp-content-2.2-hierarchical-logistic-experimental,bb530750a9d22c81a11e89e58eb42dc5de7df6ba14cbed05a88306f6e86b9d68,OK
N035,D,1,D,0.903393089079,hp-content-2.2-hierarchical-logistic-experimental,bb530750a9d22c81a11e89e58eb42dc5de7df6ba14cbed05a88306f6e86b9d68,OK
N036,D,2,D,0.228875449398,hp-content-2.2-hierarchical-logistic-experimental,bb530750a9d22c81a11e89e58eb42dc5de7df6ba14cbed05a88306f6e86b9d68,OK
N037,,,,,hp-content-2.2-hierarchical-logistic-experimental,bb530750a9d22c81a11e89e58eb42dc5de7df6ba14cbed05a88306f6e86b9d68,REVIEW:MISSING_HTML
N038,C,3,C,0.525872488491,hp-content-2.2-hierarchical-logistic-experimental,bb530750a9d22c81a11e89e58eb42dc5de7df6ba14cbed05a88306f6e86b9d68,OK
N039,D,1,D,0.999609577918,hp-content-2.2-hierarchical-logistic-experimental,bb530750a9d22c81a11e89e58eb42dc5de7df6ba14cbed05a88306f6e86b9d68,OK
N040,C,2,C,0.889456776732,hp-content-2.2-hierarchical-logistic-experimental,bb530750a9d22c81a11e89e58eb42dc5de7df6ba14cbed05a88306f6e86b9d68,OK
N041,C,2,D,0.992977358791,hp-content-2.2-hierarchical-logistic-experimental,bb530750a9d22c81a11e89e58eb42dc5de7df6ba14cbed05a88306f6e86b9d68,OK
N042,C,2,C,0.545712705918,hp-content-2.2-hierarchical-logistic-experimental,bb530750a9d22c81a11e89e58eb42dc5de7df6ba14cbed05a88306f6e86b9d68,OK
N043,C,2,C,0.674106381310,hp-content-2.2-hierarchical-logistic-experimental,bb530750a9d22c81a11e89e58eb42dc5de7df6ba14cbed05a88306f6e86b9d68,OK
N044,B,5,C,0.433131631902,hp-content-2.2-hierarchical-logistic-experimental,bb530750a9d22c81a11e89e58eb42dc5de7df6ba14cbed05a88306f6e86b9d68,OK
N045,D,2,D,0.893628019263,hp-content-2.2-hierarchical-logistic-experimental,bb530750a9d22c81a11e89e58eb42dc5de7df6ba14cbed05a88306f6e86b9d68,OK
N046,D,3,D,0.532335876902,hp-content-2.2-hierarchical-logistic-experimental,bb530750a9d22c81a11e89e58eb42dc5de7df6ba14cbed05a88306f6e86b9d68,OK
N047,D,1,D,0.162882992106,hp-content-2.2-hierarchical-logistic-experimental,bb530750a9d22c81a11e89e58eb42dc5de7df6ba14cbed05a88306f6e86b9d68,OK
N048,C,3,C,0.661363562144,hp-content-2.2-hierarchical-logistic-experimental,bb530750a9d22c81a11e89e58eb42dc5de7df6ba14cbed05a88306f6e86b9d68,OK
N049,D,1,D,0.471639858755,hp-content-2.2-hierarchical-logistic-experimental,bb530750a9d22c81a11e89e58eb42dc5de7df6ba14cbed05a88306f6e86b9d68,OK
N050,C,2,C,0.210913529198,hp-content-2.2-hierarchical-logistic-experimental,bb530750a9d22c81a11e89e58eb42dc5de7df6ba14cbed05a88306f6e86b9d68,OK
N051,D,1,D,0.339079989505,hp-content-2.2-hierarchical-logistic-experimental,bb530750a9d22c81a11e89e58eb42dc5de7df6ba14cbed05a88306f6e86b9d68,OK
N052,,,,,hp-content-2.2-hierarchical-logistic-experimental,bb530750a9d22c81a11e89e58eb42dc5de7df6ba14cbed05a88306f6e86b9d68,REVIEW:MISSING_HTML
N053,D,1,D,0.969127597645,hp-content-2.2-hierarchical-logistic-experimental,bb530750a9d22c81a11e89e58eb42dc5de7df6ba14cbed05a88306f6e86b9d68,OK
N054,D,2,D,0.990508955351,hp-content-2.2-hierarchical-logistic-experimental,bb530750a9d22c81a11e89e58eb42dc5de7df6ba14cbed05a88306f6e86b9d68,OK
N055,D,1,D,0.972765598562,hp-content-2.2-hierarchical-logistic-experimental,bb530750a9d22c81a11e89e58eb42dc5de7df6ba14cbed05a88306f6e86b9d68,OK
N056,C,2,C,0.804091252201,hp-content-2.2-hierarchical-logistic-experimental,bb530750a9d22c81a11e89e58eb42dc5de7df6ba14cbed05a88306f6e86b9d68,OK
N057,D,1,D,0.898026122089,hp-content-2.2-hierarchical-logistic-experimental,bb530750a9d22c81a11e89e58eb42dc5de7df6ba14cbed05a88306f6e86b9d68,OK
N058,B,5,C,0.625196041975,hp-content-2.2-hierarchical-logistic-experimental,bb530750a9d22c81a11e89e58eb42dc5de7df6ba14cbed05a88306f6e86b9d68,OK
N059,C,2,C,0.720877487045,hp-content-2.2-hierarchical-logistic-experimental,bb530750a9d22c81a11e89e58eb42dc5de7df6ba14cbed05a88306f6e86b9d68,OK
N060,C,2,C,0.482630303122,hp-content-2.2-hierarchical-logistic-experimental,bb530750a9d22c81a11e89e58eb42dc5de7df6ba14cbed05a88306f6e86b9d68,OK
N061,C,2,C,0.972603500769,hp-content-2.2-hierarchical-logistic-experimental,bb530750a9d22c81a11e89e58eb42dc5de7df6ba14cbed05a88306f6e86b9d68,OK
N062,C,2,D,0.960741606507,hp-content-2.2-hierarchical-logistic-experimental,bb530750a9d22c81a11e89e58eb42dc5de7df6ba14cbed05a88306f6e86b9d68,OK
N063,D,1,D,0.085668101587,hp-content-2.2-hierarchical-logistic-experimental,bb530750a9d22c81a11e89e58eb42dc5de7df6ba14cbed05a88306f6e86b9d68,OK
N064,D,4,D,0.144256981910,hp-content-2.2-hierarchical-logistic-experimental,bb530750a9d22c81a11e89e58eb42dc5de7df6ba14cbed05a88306f6e86b9d68,OK
N065,D,0,D,0.997369942731,hp-content-2.2-hierarchical-logistic-experimental,bb530750a9d22c81a11e89e58eb42dc5de7df6ba14cbed05a88306f6e86b9d68,OK
N066,D,1,D,0.863656727238,hp-content-2.2-hierarchical-logistic-experimental,bb530750a9d22c81a11e89e58eb42dc5de7df6ba14cbed05a88306f6e86b9d68,OK
N067,D,1,D,0.271904598920,hp-content-2.2-hierarchical-logistic-experimental,bb530750a9d22c81a11e89e58eb42dc5de7df6ba14cbed05a88306f6e86b9d68,OK
N068,C,2,C,0.861566694311,hp-content-2.2-hierarchical-logistic-experimental,bb530750a9d22c81a11e89e58eb42dc5de7df6ba14cbed05a88306f6e86b9d68,OK
N069,B,5,C,0.473560618123,hp-content-2.2-hierarchical-logistic-experimental,bb530750a9d22c81a11e89e58eb42dc5de7df6ba14cbed05a88306f6e86b9d68,OK
N070,B,5,C,0.150718014233,hp-content-2.2-hierarchical-logistic-experimental,bb530750a9d22c81a11e89e58eb42dc5de7df6ba14cbed05a88306f6e86b9d68,OK
N071,C,2,C,0.806544844692,hp-content-2.2-hierarchical-logistic-experimental,bb530750a9d22c81a11e89e58eb42dc5de7df6ba14cbed05a88306f6e86b9d68,OK
N072,D,0,D,0.989518595558,hp-content-2.2-hierarchical-logistic-experimental,bb530750a9d22c81a11e89e58eb42dc5de7df6ba14cbed05a88306f6e86b9d68,OK
N073,C,3,C,0.567428096451,hp-content-2.2-hierarchical-logistic-experimental,bb530750a9d22c81a11e89e58eb42dc5de7df6ba14cbed05a88306f6e86b9d68,OK
N074,B,5,C,0.786643032388,hp-content-2.2-hierarchical-logistic-experimental,bb530750a9d22c81a11e89e58eb42dc5de7df6ba14cbed05a88306f6e86b9d68,OK
N075,D,1,D,0.050644310582,hp-content-2.2-hierarchical-logistic-experimental,bb530750a9d22c81a11e89e58eb42dc5de7df6ba14cbed05a88306f6e86b9d68,OK
N076,C,2,C,0.940127969238,hp-content-2.2-hierarchical-logistic-experimental,bb530750a9d22c81a11e89e58eb42dc5de7df6ba14cbed05a88306f6e86b9d68,OK
N077,D,1,D,0.710163568797,hp-content-2.2-hierarchical-logistic-experimental,bb530750a9d22c81a11e89e58eb42dc5de7df6ba14cbed05a88306f6e86b9d68,OK
N078,C,3,C,0.902782181163,hp-content-2.2-hierarchical-logistic-experimental,bb530750a9d22c81a11e89e58eb42dc5de7df6ba14cbed05a88306f6e86b9d68,OK
N079,C,2,C,0.113464122079,hp-content-2.2-hierarchical-logistic-experimental,bb530750a9d22c81a11e89e58eb42dc5de7df6ba14cbed05a88306f6e86b9d68,OK
N080,A,6,C,0.631643261613,hp-content-2.2-hierarchical-logistic-experimental,bb530750a9d22c81a11e89e58eb42dc5de7df6ba14cbed05a88306f6e86b9d68,OK
N081,C,3,C,0.778182475225,hp-content-2.2-hierarchical-logistic-experimental,bb530750a9d22c81a11e89e58eb42dc5de7df6ba14cbed05a88306f6e86b9d68,OK
N082,D,1,D,0.999175315207,hp-content-2.2-hierarchical-logistic-experimental,bb530750a9d22c81a11e89e58eb42dc5de7df6ba14cbed05a88306f6e86b9d68,OK
N083,A,6,C,0.649054508302,hp-content-2.2-hierarchical-logistic-experimental,bb530750a9d22c81a11e89e58eb42dc5de7df6ba14cbed05a88306f6e86b9d68,OK
N084,D,0,D,0.999993225627,hp-content-2.2-hierarchical-logistic-experimental,bb530750a9d22c81a11e89e58eb42dc5de7df6ba14cbed05a88306f6e86b9d68,OK
N085,D,1,D,0.992349445099,hp-content-2.2-hierarchical-logistic-experimental,bb530750a9d22c81a11e89e58eb42dc5de7df6ba14cbed05a88306f6e86b9d68,OK
N086,C,2,C,0.322328516327,hp-content-2.2-hierarchical-logistic-experimental,bb530750a9d22c81a11e89e58eb42dc5de7df6ba14cbed05a88306f6e86b9d68,OK
N087,B,5,C,0.504136650001,hp-content-2.2-hierarchical-logistic-experimental,bb530750a9d22c81a11e89e58eb42dc5de7df6ba14cbed05a88306f6e86b9d68,OK
N088,D,3,D,0.702989531769,hp-content-2.2-hierarchical-logistic-experimental,bb530750a9d22c81a11e89e58eb42dc5de7df6ba14cbed05a88306f6e86b9d68,OK
N089,D,1,D,0.849589395405,hp-content-2.2-hierarchical-logistic-experimental,bb530750a9d22c81a11e89e58eb42dc5de7df6ba14cbed05a88306f6e86b9d68,OK
N090,D,1,D,0.968546067742,hp-content-2.2-hierarchical-logistic-experimental,bb530750a9d22c81a11e89e58eb42dc5de7df6ba14cbed05a88306f6e86b9d68,OK
N091,C,2,C,0.305891108388,hp-content-2.2-hierarchical-logistic-experimental,bb530750a9d22c81a11e89e58eb42dc5de7df6ba14cbed05a88306f6e86b9d68,OK
N092,D,1,D,0.110457620779,hp-content-2.2-hierarchical-logistic-experimental,bb530750a9d22c81a11e89e58eb42dc5de7df6ba14cbed05a88306f6e86b9d68,OK
N093,D,1,D,0.107121057319,hp-content-2.2-hierarchical-logistic-experimental,bb530750a9d22c81a11e89e58eb42dc5de7df6ba14cbed05a88306f6e86b9d68,OK
N094,B,5,B,0.745763330489,hp-content-2.2-hierarchical-logistic-experimental,bb530750a9d22c81a11e89e58eb42dc5de7df6ba14cbed05a88306f6e86b9d68,OK
N095,D,1,D,0.816790695276,hp-content-2.2-hierarchical-logistic-experimental,bb530750a9d22c81a11e89e58eb42dc5de7df6ba14cbed05a88306f6e86b9d68,OK
N096,C,2,C,0.535191064631,hp-content-2.2-hierarchical-logistic-experimental,bb530750a9d22c81a11e89e58eb42dc5de7df6ba14cbed05a88306f6e86b9d68,OK
N097,D,1,D,0.963596926044,hp-content-2.2-hierarchical-logistic-experimental,bb530750a9d22c81a11e89e58eb42dc5de7df6ba14cbed05a88306f6e86b9d68,OK
N098,C,4,C,0.865695672133,hp-content-2.2-hierarchical-logistic-experimental,bb530750a9d22c81a11e89e58eb42dc5de7df6ba14cbed05a88306f6e86b9d68,OK
N099,D,1,D,0.896355676192,hp-content-2.2-hierarchical-logistic-experimental,bb530750a9d22c81a11e89e58eb42dc5de7df6ba14cbed05a88306f6e86b9d68,OK
N100,C,2,C,0.257479168972,hp-content-2.2-hierarchical-logistic-experimental,bb530750a9d22c81a11e89e58eb42dc5de7df6ba14cbed05a88306f6e86b9d68,OK
N101,B,5,C,0.489300146140,hp-content-2.2-hierarchical-logistic-experimental,bb530750a9d22c81a11e89e58eb42dc5de7df6ba14cbed05a88306f6e86b9d68,OK
N102,C,3,C,0.605297865744,hp-content-2.2-hierarchical-logistic-experimental,bb530750a9d22c81a11e89e58eb42dc5de7df6ba14cbed05a88306f6e86b9d68,OK
N103,D,1,D,0.801271340292,hp-content-2.2-hierarchical-logistic-experimental,bb530750a9d22c81a11e89e58eb42dc5de7df6ba14cbed05a88306f6e86b9d68,OK
N104,D,2,D,0.309756486986,hp-content-2.2-hierarchical-logistic-experimental,bb530750a9d22c81a11e89e58eb42dc5de7df6ba14cbed05a88306f6e86b9d68,OK
N105,C,2,D,0.988594688220,hp-content-2.2-hierarchical-logistic-experimental,bb530750a9d22c81a11e89e58eb42dc5de7df6ba14cbed05a88306f6e86b9d68,OK
N106,D,1,D,0.837509883608,hp-content-2.2-hierarchical-logistic-experimental,bb530750a9d22c81a11e89e58eb42dc5de7df6ba14cbed05a88306f6e86b9d68,OK
N107,C,2,C,0.423822694960,hp-content-2.2-hierarchical-logistic-experimental,bb530750a9d22c81a11e89e58eb42dc5de7df6ba14cbed05a88306f6e86b9d68,OK
N108,D,1,D,0.933575561884,hp-content-2.2-hierarchical-logistic-experimental,bb530750a9d22c81a11e89e58eb42dc5de7df6ba14cbed05a88306f6e86b9d68,OK
N109,D,1,D,0.006908396907,hp-content-2.2-hierarchical-logistic-experimental,bb530750a9d22c81a11e89e58eb42dc5de7df6ba14cbed05a88306f6e86b9d68,OK
N110,D,0,D,0.999598278806,hp-content-2.2-hierarchical-logistic-experimental,bb530750a9d22c81a11e89e58eb42dc5de7df6ba14cbed05a88306f6e86b9d68,OK
N111,D,1,D,0.586253718608,hp-content-2.2-hierarchical-logistic-experimental,bb530750a9d22c81a11e89e58eb42dc5de7df6ba14cbed05a88306f6e86b9d68,OK
N112,D,1,D,0.865239505178,hp-content-2.2-hierarchical-logistic-experimental,bb530750a9d22c81a11e89e58eb42dc5de7df6ba14cbed05a88306f6e86b9d68,OK
N113,D,1,D,0.999552590747,hp-content-2.2-hierarchical-logistic-experimental,bb530750a9d22c81a11e89e58eb42dc5de7df6ba14cbed05a88306f6e86b9d68,OK
N114,C,2,C,0.505094894814,hp-content-2.2-hierarchical-logistic-experimental,bb530750a9d22c81a11e89e58eb42dc5de7df6ba14cbed05a88306f6e86b9d68,OK
N115,C,2,D,0.970805874582,hp-content-2.2-hierarchical-logistic-experimental,bb530750a9d22c81a11e89e58eb42dc5de7df6ba14cbed05a88306f6e86b9d68,OK
N116,C,2,C,0.348890520940,hp-content-2.2-hierarchical-logistic-experimental,bb530750a9d22c81a11e89e58eb42dc5de7df6ba14cbed05a88306f6e86b9d68,OK
N117,D,0,D,0.851277526231,hp-content-2.2-hierarchical-logistic-experimental,bb530750a9d22c81a11e89e58eb42dc5de7df6ba14cbed05a88306f6e86b9d68,OK
N118,B,5,C,0.398007261901,hp-content-2.2-hierarchical-logistic-experimental,bb530750a9d22c81a11e89e58eb42dc5de7df6ba14cbed05a88306f6e86b9d68,OK
N119,C,2,C,0.295468716402,hp-content-2.2-hierarchical-logistic-experimental,bb530750a9d22c81a11e89e58eb42dc5de7df6ba14cbed05a88306f6e86b9d68,OK
N120,C,2,C,0.890813778232,hp-content-2.2-hierarchical-logistic-experimental,bb530750a9d22c81a11e89e58eb42dc5de7df6ba14cbed05a88306f6e86b9d68,OK
N121,D,1,D,0.459407821813,hp-content-2.2-hierarchical-logistic-experimental,bb530750a9d22c81a11e89e58eb42dc5de7df6ba14cbed05a88306f6e86b9d68,OK
N122,D,3,D,0.767668551611,hp-content-2.2-hierarchical-logistic-experimental,bb530750a9d22c81a11e89e58eb42dc5de7df6ba14cbed05a88306f6e86b9d68,OK
N123,D,0,D,0.320046218574,hp-content-2.2-hierarchical-logistic-experimental,bb530750a9d22c81a11e89e58eb42dc5de7df6ba14cbed05a88306f6e86b9d68,OK
N124,,,,,hp-content-2.2-hierarchical-logistic-experimental,bb530750a9d22c81a11e89e58eb42dc5de7df6ba14cbed05a88306f6e86b9d68,REVIEW:MISSING_HTML
N125,D,1,D,0.220609825141,hp-content-2.2-hierarchical-logistic-experimental,bb530750a9d22c81a11e89e58eb42dc5de7df6ba14cbed05a88306f6e86b9d68,OK
N126,C,2,C,0.709087037670,hp-content-2.2-hierarchical-logistic-experimental,bb530750a9d22c81a11e89e58eb42dc5de7df6ba14cbed05a88306f6e86b9d68,OK
N127,D,0,D,0.995940773847,hp-content-2.2-hierarchical-logistic-experimental,bb530750a9d22c81a11e89e58eb42dc5de7df6ba14cbed05a88306f6e86b9d68,OK
N128,,,,,hp-content-2.2-hierarchical-logistic-experimental,bb530750a9d22c81a11e89e58eb42dc5de7df6ba14cbed05a88306f6e86b9d68,REVIEW:MISSING_HTML
N129,D,1,D,0.996494303409,hp-content-2.2-hierarchical-logistic-experimental,bb530750a9d22c81a11e89e58eb42dc5de7df6ba14cbed05a88306f6e86b9d68,OK
N130,D,1,D,0.987985670662,hp-content-2.2-hierarchical-logistic-experimental,bb530750a9d22c81a11e89e58eb42dc5de7df6ba14cbed05a88306f6e86b9d68,OK
N131,C,2,C,0.744047729430,hp-content-2.2-hierarchical-logistic-experimental,bb530750a9d22c81a11e89e58eb42dc5de7df6ba14cbed05a88306f6e86b9d68,OK
N132,D,1,D,0.944072455135,hp-content-2.2-hierarchical-logistic-experimental,bb530750a9d22c81a11e89e58eb42dc5de7df6ba14cbed05a88306f6e86b9d68,OK
N133,C,2,C,0.270819854844,hp-content-2.2-hierarchical-logistic-experimental,bb530750a9d22c81a11e89e58eb42dc5de7df6ba14cbed05a88306f6e86b9d68,OK
N134,D,4,D,0.601133029031,hp-content-2.2-hierarchical-logistic-experimental,bb530750a9d22c81a11e89e58eb42dc5de7df6ba14cbed05a88306f6e86b9d68,OK
N135,D,1,D,0.706745955271,hp-content-2.2-hierarchical-logistic-experimental,bb530750a9d22c81a11e89e58eb42dc5de7df6ba14cbed05a88306f6e86b9d68,OK
N136,C,2,C,0.170337776631,hp-content-2.2-hierarchical-logistic-experimental,bb530750a9d22c81a11e89e58eb42dc5de7df6ba14cbed05a88306f6e86b9d68,OK
N137,D,0,D,0.968263962156,hp-content-2.2-hierarchical-logistic-experimental,bb530750a9d22c81a11e89e58eb42dc5de7df6ba14cbed05a88306f6e86b9d68,OK
N138,C,3,C,0.667128516574,hp-content-2.2-hierarchical-logistic-experimental,bb530750a9d22c81a11e89e58eb42dc5de7df6ba14cbed05a88306f6e86b9d68,OK
N139,C,2,D,0.976505144111,hp-content-2.2-hierarchical-logistic-experimental,bb530750a9d22c81a11e89e58eb42dc5de7df6ba14cbed05a88306f6e86b9d68,OK
N140,D,0,D,0.539500139280,hp-content-2.2-hierarchical-logistic-experimental,bb530750a9d22c81a11e89e58eb42dc5de7df6ba14cbed05a88306f6e86b9d68,OK
N141,D,1,D,0.523950035260,hp-content-2.2-hierarchical-logistic-experimental,bb530750a9d22c81a11e89e58eb42dc5de7df6ba14cbed05a88306f6e86b9d68,OK
N142,B,5,C,0.632470644533,hp-content-2.2-hierarchical-logistic-experimental,bb530750a9d22c81a11e89e58eb42dc5de7df6ba14cbed05a88306f6e86b9d68,OK
N143,D,1,D,0.999855099633,hp-content-2.2-hierarchical-logistic-experimental,bb530750a9d22c81a11e89e58eb42dc5de7df6ba14cbed05a88306f6e86b9d68,OK
N144,D,0,D,0.945846242887,hp-content-2.2-hierarchical-logistic-experimental,bb530750a9d22c81a11e89e58eb42dc5de7df6ba14cbed05a88306f6e86b9d68,OK
N145,C,3,C,0.802042600957,hp-content-2.2-hierarchical-logistic-experimental,bb530750a9d22c81a11e89e58eb42dc5de7df6ba14cbed05a88306f6e86b9d68,OK
N146,C,3,C,0.652920760196,hp-content-2.2-hierarchical-logistic-experimental,bb530750a9d22c81a11e89e58eb42dc5de7df6ba14cbed05a88306f6e86b9d68,OK
N147,C,3,D,0.737185501725,hp-content-2.2-hierarchical-logistic-experimental,bb530750a9d22c81a11e89e58eb42dc5de7df6ba14cbed05a88306f6e86b9d68,OK
N148,C,2,C,0.998147618265,hp-content-2.2-hierarchical-logistic-experimental,bb530750a9d22c81a11e89e58eb42dc5de7df6ba14cbed05a88306f6e86b9d68,OK
N149,C,2,C,0.757423491200,hp-content-2.2-hierarchical-logistic-experimental,bb530750a9d22c81a11e89e58eb42dc5de7df6ba14cbed05a88306f6e86b9d68,OK
N150,D,0,D,0.912795956353,hp-content-2.2-hierarchical-logistic-experimental,bb530750a9d22c81a11e89e58eb42dc5de7df6ba14cbed05a88306f6e86b9d68,OK
N151,D,1,D,0.904603079574,hp-content-2.2-hierarchical-logistic-experimental,bb530750a9d22c81a11e89e58eb42dc5de7df6ba14cbed05a88306f6e86b9d68,OK
N152,D,0,D,0.908553885542,hp-content-2.2-hierarchical-logistic-experimental,bb530750a9d22c81a11e89e58eb42dc5de7df6ba14cbed05a88306f6e86b9d68,OK
N153,D,1,D,0.997001348296,hp-content-2.2-hierarchical-logistic-experimental,bb530750a9d22c81a11e89e58eb42dc5de7df6ba14cbed05a88306f6e86b9d68,OK
N154,C,2,C,0.260896085910,hp-content-2.2-hierarchical-logistic-experimental,bb530750a9d22c81a11e89e58eb42dc5de7df6ba14cbed05a88306f6e86b9d68,OK
N155,D,1,D,0.741499691847,hp-content-2.2-hierarchical-logistic-experimental,bb530750a9d22c81a11e89e58eb42dc5de7df6ba14cbed05a88306f6e86b9d68,OK
N156,D,0,D,0.999050502173,hp-content-2.2-hierarchical-logistic-experimental,bb530750a9d22c81a11e89e58eb42dc5de7df6ba14cbed05a88306f6e86b9d68,OK
N157,C,2,C,0.749984108535,hp-content-2.2-hierarchical-logistic-experimental,bb530750a9d22c81a11e89e58eb42dc5de7df6ba14cbed05a88306f6e86b9d68,OK
N158,D,1,D,0.382927747525,hp-content-2.2-hierarchical-logistic-experimental,bb530750a9d22c81a11e89e58eb42dc5de7df6ba14cbed05a88306f6e86b9d68,OK
N159,C,4,C,0.667540256855,hp-content-2.2-hierarchical-logistic-experimental,bb530750a9d22c81a11e89e58eb42dc5de7df6ba14cbed05a88306f6e86b9d68,OK
N160,C,4,C,0.530508356362,hp-content-2.2-hierarchical-logistic-experimental,bb530750a9d22c81a11e89e58eb42dc5de7df6ba14cbed05a88306f6e86b9d68,OK
N161,D,0,D,0.999883396459,hp-content-2.2-hierarchical-logistic-experimental,bb530750a9d22c81a11e89e58eb42dc5de7df6ba14cbed05a88306f6e86b9d68,OK
N162,D,1,D,0.095279282353,hp-content-2.2-hierarchical-logistic-experimental,bb530750a9d22c81a11e89e58eb42dc5de7df6ba14cbed05a88306f6e86b9d68,OK
N163,C,3,C,0.324358260243,hp-content-2.2-hierarchical-logistic-experimental,bb530750a9d22c81a11e89e58eb42dc5de7df6ba14cbed05a88306f6e86b9d68,OK
N164,C,2,C,0.495665298557,hp-content-2.2-hierarchical-logistic-experimental,bb530750a9d22c81a11e89e58eb42dc5de7df6ba14cbed05a88306f6e86b9d68,OK
N165,D,3,D,0.052407460083,hp-content-2.2-hierarchical-logistic-experimental,bb530750a9d22c81a11e89e58eb42dc5de7df6ba14cbed05a88306f6e86b9d68,OK
N166,D,0,D,0.854893000858,hp-content-2.2-hierarchical-logistic-experimental,bb530750a9d22c81a11e89e58eb42dc5de7df6ba14cbed05a88306f6e86b9d68,OK
N167,D,0,D,0.981706293571,hp-content-2.2-hierarchical-logistic-experimental,bb530750a9d22c81a11e89e58eb42dc5de7df6ba14cbed05a88306f6e86b9d68,OK
N168,D,0,D,0.994741902459,hp-content-2.2-hierarchical-logistic-experimental,bb530750a9d22c81a11e89e58eb42dc5de7df6ba14cbed05a88306f6e86b9d68,OK
N169,,,,,hp-content-2.2-hierarchical-logistic-experimental,bb530750a9d22c81a11e89e58eb42dc5de7df6ba14cbed05a88306f6e86b9d68,REVIEW:MISSING_HTML
N170,D,1,D,0.023445018522,hp-content-2.2-hierarchical-logistic-experimental,bb530750a9d22c81a11e89e58eb42dc5de7df6ba14cbed05a88306f6e86b9d68,OK
N171,D,0,D,0.982542446086,hp-content-2.2-hierarchical-logistic-experimental,bb530750a9d22c81a11e89e58eb42dc5de7df6ba14cbed05a88306f6e86b9d68,OK
N172,D,0,D,0.972093297870,hp-content-2.2-hierarchical-logistic-experimental,bb530750a9d22c81a11e89e58eb42dc5de7df6ba14cbed05a88306f6e86b9d68,OK
N173,C,2,C,0.617282727854,hp-content-2.2-hierarchical-logistic-experimental,bb530750a9d22c81a11e89e58eb42dc5de7df6ba14cbed05a88306f6e86b9d68,OK
N174,C,2,C,0.314104342398,hp-content-2.2-hierarchical-logistic-experimental,bb530750a9d22c81a11e89e58eb42dc5de7df6ba14cbed05a88306f6e86b9d68,OK
N175,C,2,C,0.843509158323,hp-content-2.2-hierarchical-logistic-experimental,bb530750a9d22c81a11e89e58eb42dc5de7df6ba14cbed05a88306f6e86b9d68,OK
N176,C,2,C,0.669568573440,hp-content-2.2-hierarchical-logistic-experimental,bb530750a9d22c81a11e89e58eb42dc5de7df6ba14cbed05a88306f6e86b9d68,OK
N177,C,2,C,0.686669271649,hp-content-2.2-hierarchical-logistic-experimental,bb530750a9d22c81a11e89e58eb42dc5de7df6ba14cbed05a88306f6e86b9d68,OK
N178,D,1,D,0.971565601791,hp-content-2.2-hierarchical-logistic-experimental,bb530750a9d22c81a11e89e58eb42dc5de7df6ba14cbed05a88306f6e86b9d68,OK
N179,C,2,C,0.621502768669,hp-content-2.2-hierarchical-logistic-experimental,bb530750a9d22c81a11e89e58eb42dc5de7df6ba14cbed05a88306f6e86b9d68,OK
N180,B,5,C,0.692001556787,hp-content-2.2-hierarchical-logistic-experimental,bb530750a9d22c81a11e89e58eb42dc5de7df6ba14cbed05a88306f6e86b9d68,OK
N181,D,1,D,0.595564609995,hp-content-2.2-hierarchical-logistic-experimental,bb530750a9d22c81a11e89e58eb42dc5de7df6ba14cbed05a88306f6e86b9d68,OK
N182,D,0,D,0.995057901273,hp-content-2.2-hierarchical-logistic-experimental,bb530750a9d22c81a11e89e58eb42dc5de7df6ba14cbed05a88306f6e86b9d68,OK
N183,B,5,C,0.757149643228,hp-content-2.2-hierarchical-logistic-experimental,bb530750a9d22c81a11e89e58eb42dc5de7df6ba14cbed05a88306f6e86b9d68,OK
N184,B,5,D,0.985622241206,hp-content-2.2-hierarchical-logistic-experimental,bb530750a9d22c81a11e89e58eb42dc5de7df6ba14cbed05a88306f6e86b9d68,OK
N185,C,2,C,0.286065375321,hp-content-2.2-hierarchical-logistic-experimental,bb530750a9d22c81a11e89e58eb42dc5de7df6ba14cbed05a88306f6e86b9d68,OK
N186,C,4,C,0.508826234885,hp-content-2.2-hierarchical-logistic-experimental,bb530750a9d22c81a11e89e58eb42dc5de7df6ba14cbed05a88306f6e86b9d68,OK
N187,D,1,D,0.842501803677,hp-content-2.2-hierarchical-logistic-experimental,bb530750a9d22c81a11e89e58eb42dc5de7df6ba14cbed05a88306f6e86b9d68,OK
N188,C,3,C,0.777476967269,hp-content-2.2-hierarchical-logistic-experimental,bb530750a9d22c81a11e89e58eb42dc5de7df6ba14cbed05a88306f6e86b9d68,OK
N189,D,1,D,0.822770432672,hp-content-2.2-hierarchical-logistic-experimental,bb530750a9d22c81a11e89e58eb42dc5de7df6ba14cbed05a88306f6e86b9d68,OK
N190,D,1,D,0.970961016782,hp-content-2.2-hierarchical-logistic-experimental,bb530750a9d22c81a11e89e58eb42dc5de7df6ba14cbed05a88306f6e86b9d68,OK
N191,,,,,hp-content-2.2-hierarchical-logistic-experimental,bb530750a9d22c81a11e89e58eb42dc5de7df6ba14cbed05a88306f6e86b9d68,REVIEW:MISSING_HTML
N192,C,3,C,0.588792974478,hp-content-2.2-hierarchical-logistic-experimental,bb530750a9d22c81a11e89e58eb42dc5de7df6ba14cbed05a88306f6e86b9d68,OK
N193,D,3,D,0.023075382016,hp-content-2.2-hierarchical-logistic-experimental,bb530750a9d22c81a11e89e58eb42dc5de7df6ba14cbed05a88306f6e86b9d68,OK
N194,D,0,D,0.999960279306,hp-content-2.2-hierarchical-logistic-experimental,bb530750a9d22c81a11e89e58eb42dc5de7df6ba14cbed05a88306f6e86b9d68,OK
N195,B,5,C,0.749587264849,hp-content-2.2-hierarchical-logistic-experimental,bb530750a9d22c81a11e89e58eb42dc5de7df6ba14cbed05a88306f6e86b9d68,OK
N196,C,2,C,0.092293806257,hp-content-2.2-hierarchical-logistic-experimental,bb530750a9d22c81a11e89e58eb42dc5de7df6ba14cbed05a88306f6e86b9d68,OK
N197,D,1,D,0.965351514826,hp-content-2.2-hierarchical-logistic-experimental,bb530750a9d22c81a11e89e58eb42dc5de7df6ba14cbed05a88306f6e86b9d68,OK
N198,D,1,D,0.864486506793,hp-content-2.2-hierarchical-logistic-experimental,bb530750a9d22c81a11e89e58eb42dc5de7df6ba14cbed05a88306f6e86b9d68,OK
N199,C,2,C,0.725592413497,hp-content-2.2-hierarchical-logistic-experimental,bb530750a9d22c81a11e89e58eb42dc5de7df6ba14cbed05a88306f6e86b9d68,OK
N200,D,0,D,0.992134314675,hp-content-2.2-hierarchical-logistic-experimental,bb530750a9d22c81a11e89e58eb42dc5de7df6ba14cbed05a88306f6e86b9d68,OK
N201,C,2,C,0.534528963448,hp-content-2.2-hierarchical-logistic-experimental,bb530750a9d22c81a11e89e58eb42dc5de7df6ba14cbed05a88306f6e86b9d68,OK
N202,D,1,D,0.990514475963,hp-content-2.2-hierarchical-logistic-experimental,bb530750a9d22c81a11e89e58eb42dc5de7df6ba14cbed05a88306f6e86b9d68,OK
N203,C,2,C,0.406255051936,hp-content-2.2-hierarchical-logistic-experimental,bb530750a9d22c81a11e89e58eb42dc5de7df6ba14cbed05a88306f6e86b9d68,OK
N204,D,1,D,0.936646078369,hp-content-2.2-hierarchical-logistic-experimental,bb530750a9d22c81a11e89e58eb42dc5de7df6ba14cbed05a88306f6e86b9d68,OK
N205,C,2,C,0.601609746624,hp-content-2.2-hierarchical-logistic-experimental,bb530750a9d22c81a11e89e58eb42dc5de7df6ba14cbed05a88306f6e86b9d68,OK
N206,B,5,C,0.927071968615,hp-content-2.2-hierarchical-logistic-experimental,bb530750a9d22c81a11e89e58eb42dc5de7df6ba14cbed05a88306f6e86b9d68,OK
N207,C,3,C,0.607845482951,hp-content-2.2-hierarchical-logistic-experimental,bb530750a9d22c81a11e89e58eb42dc5de7df6ba14cbed05a88306f6e86b9d68,OK
N208,C,2,C,0.202485746649,hp-content-2.2-hierarchical-logistic-experimental,bb530750a9d22c81a11e89e58eb42dc5de7df6ba14cbed05a88306f6e86b9d68,OK
N209,D,1,D,0.577032974138,hp-content-2.2-hierarchical-logistic-experimental,bb530750a9d22c81a11e89e58eb42dc5de7df6ba14cbed05a88306f6e86b9d68,OK
N210,C,2,C,0.072677642282,hp-content-2.2-hierarchical-logistic-experimental,bb530750a9d22c81a11e89e58eb42dc5de7df6ba14cbed05a88306f6e86b9d68,OK
N211,D,0,D,0.643835854995,hp-content-2.2-hierarchical-logistic-experimental,bb530750a9d22c81a11e89e58eb42dc5de7df6ba14cbed05a88306f6e86b9d68,OK
N212,D,2,D,0.966484042510,hp-content-2.2-hierarchical-logistic-experimental,bb530750a9d22c81a11e89e58eb42dc5de7df6ba14cbed05a88306f6e86b9d68,OK
N213,B,5,C,0.347135598848,hp-content-2.2-hierarchical-logistic-experimental,bb530750a9d22c81a11e89e58eb42dc5de7df6ba14cbed05a88306f6e86b9d68,OK
N214,C,2,C,0.172923634858,hp-content-2.2-hierarchical-logistic-experimental,bb530750a9d22c81a11e89e58eb42dc5de7df6ba14cbed05a88306f6e86b9d68,OK
N215,D,1,D,0.999770471305,hp-content-2.2-hierarchical-logistic-experimental,bb530750a9d22c81a11e89e58eb42dc5de7df6ba14cbed05a88306f6e86b9d68,OK
N216,D,1,D,0.552297058789,hp-content-2.2-hierarchical-logistic-experimental,bb530750a9d22c81a11e89e58eb42dc5de7df6ba14cbed05a88306f6e86b9d68,OK
N217,D,2,D,0.186418041259,hp-content-2.2-hierarchical-logistic-experimental,bb530750a9d22c81a11e89e58eb42dc5de7df6ba14cbed05a88306f6e86b9d68,OK
N218,D,0,D,0.943196527402,hp-content-2.2-hierarchical-logistic-experimental,bb530750a9d22c81a11e89e58eb42dc5de7df6ba14cbed05a88306f6e86b9d68,OK
N219,D,1,D,0.718537299043,hp-content-2.2-hierarchical-logistic-experimental,bb530750a9d22c81a11e89e58eb42dc5de7df6ba14cbed05a88306f6e86b9d68,OK
N220,D,1,D,0.893058223778,hp-content-2.2-hierarchical-logistic-experimental,bb530750a9d22c81a11e89e58eb42dc5de7df6ba14cbed05a88306f6e86b9d68,OK
N221,D,1,D,0.975277447725,hp-content-2.2-hierarchical-logistic-experimental,bb530750a9d22c81a11e89e58eb42dc5de7df6ba14cbed05a88306f6e86b9d68,OK
N222,D,0,D,0.955506678467,hp-content-2.2-hierarchical-logistic-experimental,bb530750a9d22c81a11e89e58eb42dc5de7df6ba14cbed05a88306f6e86b9d68,OK
N223,B,5,C,0.531636911727,hp-content-2.2-hierarchical-logistic-experimental,bb530750a9d22c81a11e89e58eb42dc5de7df6ba14cbed05a88306f6e86b9d68,OK
N224,B,5,C,0.454229922955,hp-content-2.2-hierarchical-logistic-experimental,bb530750a9d22c81a11e89e58eb42dc5de7df6ba14cbed05a88306f6e86b9d68,OK
N225,C,2,C,0.825307992790,hp-content-2.2-hierarchical-logistic-experimental,bb530750a9d22c81a11e89e58eb42dc5de7df6ba14cbed05a88306f6e86b9d68,OK
N226,D,3,D,0.384580504393,hp-content-2.2-hierarchical-logistic-experimental,bb530750a9d22c81a11e89e58eb42dc5de7df6ba14cbed05a88306f6e86b9d68,OK
N227,C,3,C,0.370964069452,hp-content-2.2-hierarchical-logistic-experimental,bb530750a9d22c81a11e89e58eb42dc5de7df6ba14cbed05a88306f6e86b9d68,OK
N228,D,0,D,0.997469258787,hp-content-2.2-hierarchical-logistic-experimental,bb530750a9d22c81a11e89e58eb42dc5de7df6ba14cbed05a88306f6e86b9d68,OK
N229,D,0,D,0.918594919701,hp-content-2.2-hierarchical-logistic-experimental,bb530750a9d22c81a11e89e58eb42dc5de7df6ba14cbed05a88306f6e86b9d68,OK
N230,D,1,D,0.998362613693,hp-content-2.2-hierarchical-logistic-experimental,bb530750a9d22c81a11e89e58eb42dc5de7df6ba14cbed05a88306f6e86b9d68,OK
N231,D,0,D,0.636217935926,hp-content-2.2-hierarchical-logistic-experimental,bb530750a9d22c81a11e89e58eb42dc5de7df6ba14cbed05a88306f6e86b9d68,OK
N232,D,1,D,0.046843386219,hp-content-2.2-hierarchical-logistic-experimental,bb530750a9d22c81a11e89e58eb42dc5de7df6ba14cbed05a88306f6e86b9d68,OK
N233,C,3,C,0.631275853604,hp-content-2.2-hierarchical-logistic-experimental,bb530750a9d22c81a11e89e58eb42dc5de7df6ba14cbed05a88306f6e86b9d68,OK
N234,D,0,D,0.985138376689,hp-content-2.2-hierarchical-logistic-experimental,bb530750a9d22c81a11e89e58eb42dc5de7df6ba14cbed05a88306f6e86b9d68,OK
N235,C,2,C,0.794910114138,hp-content-2.2-hierarchical-logistic-experimental,bb530750a9d22c81a11e89e58eb42dc5de7df6ba14cbed05a88306f6e86b9d68,OK
N236,D,1,D,0.823503416893,hp-content-2.2-hierarchical-logistic-experimental,bb530750a9d22c81a11e89e58eb42dc5de7df6ba14cbed05a88306f6e86b9d68,OK
N237,C,2,C,0.488748493403,hp-content-2.2-hierarchical-logistic-experimental,bb530750a9d22c81a11e89e58eb42dc5de7df6ba14cbed05a88306f6e86b9d68,OK
N238,D,3,D,0.997881576649,hp-content-2.2-hierarchical-logistic-experimental,bb530750a9d22c81a11e89e58eb42dc5de7df6ba14cbed05a88306f6e86b9d68,OK
N239,D,0,D,0.641033563489,hp-content-2.2-hierarchical-logistic-experimental,bb530750a9d22c81a11e89e58eb42dc5de7df6ba14cbed05a88306f6e86b9d68,OK
N240,D,0,D,0.854603518854,hp-content-2.2-hierarchical-logistic-experimental,bb530750a9d22c81a11e89e58eb42dc5de7df6ba14cbed05a88306f6e86b9d68,OK
N241,D,0,D,0.997730857585,hp-content-2.2-hierarchical-logistic-experimental,bb530750a9d22c81a11e89e58eb42dc5de7df6ba14cbed05a88306f6e86b9d68,OK
N242,B,5,C,0.745144552184,hp-content-2.2-hierarchical-logistic-experimental,bb530750a9d22c81a11e89e58eb42dc5de7df6ba14cbed05a88306f6e86b9d68,OK
N243,B,5,C,0.633614706745,hp-content-2.2-hierarchical-logistic-experimental,bb530750a9d22c81a11e89e58eb42dc5de7df6ba14cbed05a88306f6e86b9d68,OK
N244,C,2,C,0.735258439182,hp-content-2.2-hierarchical-logistic-experimental,bb530750a9d22c81a11e89e58eb42dc5de7df6ba14cbed05a88306f6e86b9d68,OK
N245,D,1,D,0.818719476652,hp-content-2.2-hierarchical-logistic-experimental,bb530750a9d22c81a11e89e58eb42dc5de7df6ba14cbed05a88306f6e86b9d68,OK
N246,D,1,D,0.936628011287,hp-content-2.2-hierarchical-logistic-experimental,bb530750a9d22c81a11e89e58eb42dc5de7df6ba14cbed05a88306f6e86b9d68,OK
N247,,,,,hp-content-2.2-hierarchical-logistic-experimental,bb530750a9d22c81a11e89e58eb42dc5de7df6ba14cbed05a88306f6e86b9d68,REVIEW:MISSING_HTML
N248,D,1,D,0.997416309523,hp-content-2.2-hierarchical-logistic-experimental,bb530750a9d22c81a11e89e58eb42dc5de7df6ba14cbed05a88306f6e86b9d68,OK
N249,C,2,C,0.802518389979,hp-content-2.2-hierarchical-logistic-experimental,bb530750a9d22c81a11e89e58eb42dc5de7df6ba14cbed05a88306f6e86b9d68,OK
N250,C,2,C,0.876089198927,hp-content-2.2-hierarchical-logistic-experimental,bb530750a9d22c81a11e89e58eb42dc5de7df6ba14cbed05a88306f6e86b9d68,OK
N251,D,1,D,0.944434393618,hp-content-2.2-hierarchical-logistic-experimental,bb530750a9d22c81a11e89e58eb42dc5de7df6ba14cbed05a88306f6e86b9d68,OK
N252,D,1,D,0.793281257530,hp-content-2.2-hierarchical-logistic-experimental,bb530750a9d22c81a11e89e58eb42dc5de7df6ba14cbed05a88306f6e86b9d68,OK
N253,D,0,D,0.978803271028,hp-content-2.2-hierarchical-logistic-experimental,bb530750a9d22c81a11e89e58eb42dc5de7df6ba14cbed05a88306f6e86b9d68,OK
N254,C,2,C,0.749976326289,hp-content-2.2-hierarchical-logistic-experimental,bb530750a9d22c81a11e89e58eb42dc5de7df6ba14cbed05a88306f6e86b9d68,OK
N255,,,,,hp-content-2.2-hierarchical-logistic-experimental,bb530750a9d22c81a11e89e58eb42dc5de7df6ba14cbed05a88306f6e86b9d68,REVIEW:MISSING_HTML
N256,C,2,C,0.816015041415,hp-content-2.2-hierarchical-logistic-experimental,bb530750a9d22c81a11e89e58eb42dc5de7df6ba14cbed05a88306f6e86b9d68,OK
N257,D,1,D,0.994952561494,hp-content-2.2-hierarchical-logistic-experimental,bb530750a9d22c81a11e89e58eb42dc5de7df6ba14cbed05a88306f6e86b9d68,OK
N258,D,0,D,0.999116882263,hp-content-2.2-hierarchical-logistic-experimental,bb530750a9d22c81a11e89e58eb42dc5de7df6ba14cbed05a88306f6e86b9d68,OK
N259,D,1,D,0.894316728018,hp-content-2.2-hierarchical-logistic-experimental,bb530750a9d22c81a11e89e58eb42dc5de7df6ba14cbed05a88306f6e86b9d68,OK
N260,C,2,C,0.863625356737,hp-content-2.2-hierarchical-logistic-experimental,bb530750a9d22c81a11e89e58eb42dc5de7df6ba14cbed05a88306f6e86b9d68,OK
N261,D,0,D,0.997812764363,hp-content-2.2-hierarchical-logistic-experimental,bb530750a9d22c81a11e89e58eb42dc5de7df6ba14cbed05a88306f6e86b9d68,OK
N262,C,2,C,0.620704567611,hp-content-2.2-hierarchical-logistic-experimental,bb530750a9d22c81a11e89e58eb42dc5de7df6ba14cbed05a88306f6e86b9d68,OK
N263,C,4,C,0.599980346494,hp-content-2.2-hierarchical-logistic-experimental,bb530750a9d22c81a11e89e58eb42dc5de7df6ba14cbed05a88306f6e86b9d68,OK
N264,D,1,D,0.182797798596,hp-content-2.2-hierarchical-logistic-experimental,bb530750a9d22c81a11e89e58eb42dc5de7df6ba14cbed05a88306f6e86b9d68,OK
N265,C,4,C,0.177712242998,hp-content-2.2-hierarchical-logistic-experimental,bb530750a9d22c81a11e89e58eb42dc5de7df6ba14cbed05a88306f6e86b9d68,OK
N266,D,1,D,0.343922237643,hp-content-2.2-hierarchical-logistic-experimental,bb530750a9d22c81a11e89e58eb42dc5de7df6ba14cbed05a88306f6e86b9d68,OK
N267,D,2,D,0.991256594123,hp-content-2.2-hierarchical-logistic-experimental,bb530750a9d22c81a11e89e58eb42dc5de7df6ba14cbed05a88306f6e86b9d68,OK
N268,C,2,C,0.054711298064,hp-content-2.2-hierarchical-logistic-experimental,bb530750a9d22c81a11e89e58eb42dc5de7df6ba14cbed05a88306f6e86b9d68,OK
N269,C,2,C,0.336673611201,hp-content-2.2-hierarchical-logistic-experimental,bb530750a9d22c81a11e89e58eb42dc5de7df6ba14cbed05a88306f6e86b9d68,OK
N270,D,1,D,0.820449440181,hp-content-2.2-hierarchical-logistic-experimental,bb530750a9d22c81a11e89e58eb42dc5de7df6ba14cbed05a88306f6e86b9d68,OK
N271,D,1,D,0.009831228725,hp-content-2.2-hierarchical-logistic-experimental,bb530750a9d22c81a11e89e58eb42dc5de7df6ba14cbed05a88306f6e86b9d68,OK
N272,C,2,C,0.135472322293,hp-content-2.2-hierarchical-logistic-experimental,bb530750a9d22c81a11e89e58eb42dc5de7df6ba14cbed05a88306f6e86b9d68,OK
N273,D,2,D,0.658877011920,hp-content-2.2-hierarchical-logistic-experimental,bb530750a9d22c81a11e89e58eb42dc5de7df6ba14cbed05a88306f6e86b9d68,OK
N274,C,3,C,0.645059895533,hp-content-2.2-hierarchical-logistic-experimental,bb530750a9d22c81a11e89e58eb42dc5de7df6ba14cbed05a88306f6e86b9d68,OK
N275,C,2,C,0.460478209068,hp-content-2.2-hierarchical-logistic-experimental,bb530750a9d22c81a11e89e58eb42dc5de7df6ba14cbed05a88306f6e86b9d68,OK
N276,D,0,D,0.996738161755,hp-content-2.2-hierarchical-logistic-experimental,bb530750a9d22c81a11e89e58eb42dc5de7df6ba14cbed05a88306f6e86b9d68,OK
N277,D,2,D,0.848233475003,hp-content-2.2-hierarchical-logistic-experimental,bb530750a9d22c81a11e89e58eb42dc5de7df6ba14cbed05a88306f6e86b9d68,OK
N278,C,2,C,0.979359841118,hp-content-2.2-hierarchical-logistic-experimental,bb530750a9d22c81a11e89e58eb42dc5de7df6ba14cbed05a88306f6e86b9d68,OK
N279,B,5,C,0.729043714767,hp-content-2.2-hierarchical-logistic-experimental,bb530750a9d22c81a11e89e58eb42dc5de7df6ba14cbed05a88306f6e86b9d68,OK
N280,D,0,D,0.050800690398,hp-content-2.2-hierarchical-logistic-experimental,bb530750a9d22c81a11e89e58eb42dc5de7df6ba14cbed05a88306f6e86b9d68,OK
N281,C,2,C,0.399395673240,hp-content-2.2-hierarchical-logistic-experimental,bb530750a9d22c81a11e89e58eb42dc5de7df6ba14cbed05a88306f6e86b9d68,OK
N282,D,1,D,0.886658980782,hp-content-2.2-hierarchical-logistic-experimental,bb530750a9d22c81a11e89e58eb42dc5de7df6ba14cbed05a88306f6e86b9d68,OK
N283,D,0,D,0.948925056103,hp-content-2.2-hierarchical-logistic-experimental,bb530750a9d22c81a11e89e58eb42dc5de7df6ba14cbed05a88306f6e86b9d68,OK
N284,C,3,C,0.855980755581,hp-content-2.2-hierarchical-logistic-experimental,bb530750a9d22c81a11e89e58eb42dc5de7df6ba14cbed05a88306f6e86b9d68,OK
N285,D,1,D,0.994174962031,hp-content-2.2-hierarchical-logistic-experimental,bb530750a9d22c81a11e89e58eb42dc5de7df6ba14cbed05a88306f6e86b9d68,OK
N286,C,2,C,0.879018451220,hp-content-2.2-hierarchical-logistic-experimental,bb530750a9d22c81a11e89e58eb42dc5de7df6ba14cbed05a88306f6e86b9d68,OK
N287,C,2,C,0.437277935732,hp-content-2.2-hierarchical-logistic-experimental,bb530750a9d22c81a11e89e58eb42dc5de7df6ba14cbed05a88306f6e86b9d68,OK
N288,D,1,D,0.964041521488,hp-content-2.2-hierarchical-logistic-experimental,bb530750a9d22c81a11e89e58eb42dc5de7df6ba14cbed05a88306f6e86b9d68,OK
N289,B,5,C,0.774843628483,hp-content-2.2-hierarchical-logistic-experimental,bb530750a9d22c81a11e89e58eb42dc5de7df6ba14cbed05a88306f6e86b9d68,OK
N290,D,1,D,0.011006174909,hp-content-2.2-hierarchical-logistic-experimental,bb530750a9d22c81a11e89e58eb42dc5de7df6ba14cbed05a88306f6e86b9d68,OK
N291,D,1,D,0.487258711910,hp-content-2.2-hierarchical-logistic-experimental,bb530750a9d22c81a11e89e58eb42dc5de7df6ba14cbed05a88306f6e86b9d68,OK
N292,C,3,C,0.969695402813,hp-content-2.2-hierarchical-logistic-experimental,bb530750a9d22c81a11e89e58eb42dc5de7df6ba14cbed05a88306f6e86b9d68,OK
N293,D,1,D,0.751369743008,hp-content-2.2-hierarchical-logistic-experimental,bb530750a9d22c81a11e89e58eb42dc5de7df6ba14cbed05a88306f6e86b9d68,OK
N294,D,0,D,0.936562559537,hp-content-2.2-hierarchical-logistic-experimental,bb530750a9d22c81a11e89e58eb42dc5de7df6ba14cbed05a88306f6e86b9d68,OK
N295,D,1,D,0.021931988435,hp-content-2.2-hierarchical-logistic-experimental,bb530750a9d22c81a11e89e58eb42dc5de7df6ba14cbed05a88306f6e86b9d68,OK
N296,C,2,C,0.484613480539,hp-content-2.2-hierarchical-logistic-experimental,bb530750a9d22c81a11e89e58eb42dc5de7df6ba14cbed05a88306f6e86b9d68,OK
N297,D,2,D,0.913438721030,hp-content-2.2-hierarchical-logistic-experimental,bb530750a9d22c81a11e89e58eb42dc5de7df6ba14cbed05a88306f6e86b9d68,OK
N298,C,2,C,0.622856760655,hp-content-2.2-hierarchical-logistic-experimental,bb530750a9d22c81a11e89e58eb42dc5de7df6ba14cbed05a88306f6e86b9d68,OK
N299,D,0,D,0.473539467652,hp-content-2.2-hierarchical-logistic-experimental,bb530750a9d22c81a11e89e58eb42dc5de7df6ba14cbed05a88306f6e86b9d68,OK
N300,D,1,D,0.993074528178,hp-content-2.2-hierarchical-logistic-experimental,bb530750a9d22c81a11e89e58eb42dc5de7df6ba14cbed05a88306f6e86b9d68,OK
